"Tilda UID";Brand;SKU;Mark;Category;Title;Description;Text;Photo;Price;Quantity;"Price Old";Editions;Modifications;"External ID";"Parent UID";Weight;Length;Width;Height
258148333721;;;;"Классико - Б.1.КО.6";"Классико (Б.1.КО.6) Стандарт Серый";"Комплект из 3 видов плит: 116х173, 116х116 и 116х58 мм<br />Толщина 60 мм";"Тротуарная плитка КЛАССИКО Б.1.КО.6 <br /><br />Данная плитка имитирует средневековый камень и обеспечивает территории привлекательный и эстетичный вид.<br /><br />Комплект состоит из 3 видов плит: 116х173, 116х116 и 116х58 мм<br /><ul><li data-list=""bullet"">Толщина 60 мм.</li><li data-list=""bullet"">Класс бетона изделий по прочности на сжатие: В25</li><li data-list=""bullet"">Марка бетона по морозостойкости F₂200</li><li data-list=""bullet"">Водопоглощение не более 6%</li><li data-list=""bullet"">Марка по истираемости G1</li></ul>Мы гарантируем точность соблюдения технологии производства и как следствие, высокое качество продукции.<br />Возможна отгрузка с нашего склада в Архангельске или доставка до места укладки.<br /><br />На паллете – 13,2 м2<br /><br /><strong>Стоимость указана за 1 кв.м. без учета доставки от завода производителя</strong>";https://static.tildacdn.com/tild3235-6533-4261-a634-333165666435/01.jpg;;;;;;Dp9KDBSPtgClRmAkMkus;;0;0;0;0
662657175651;;;;;"Классико (Б.1.КО.6) Стандарт Серый - Стандарт - Серый";;;https://static.tildacdn.com/tild3235-6533-4261-a634-333165666435/01.jpg;1550.00;;;"Коллекция:Стандарт;Цвет:Серый";;YI4KIGNI2vHvPaLOiOko;258148333721;0;0;0;0
964530962121;;;;"Классико - Б.1.КО.6";"Классико (Б.1.КО.6) Стандарт Белый";"Комплект из 3 видов плит: 116х173, 116х116 и 116х58 мм<br />Толщина 60 мм";"Тротуарная плитка КЛАССИКО Б.1.КО.6<br /><br />Данная плитка имитирует средневековый камень и обеспечивает территории привлекательный и эстетичный вид.<br /><br />Комплект состоит из 3 видов плит: 116х173, 116х116 и 116х58 мм<br /><ul><li data-list=""bullet"">Толщина 60 мм.</li><li data-list=""bullet"">Класс бетона изделий по прочности на сжатие: В25</li><li data-list=""bullet"">Марка бетона по морозостойкости F₂200</li><li data-list=""bullet"">Водопоглощение не более 6%</li><li data-list=""bullet"">Марка по истираемости G1</li></ul>Мы гарантируем точность соблюдения технологии производства и как следствие, высокое качество продукции.<br />Возможна отгрузка с нашего склада в Архангельске или доставка до места укладки.<br /><br />На паллете – 13,2 м2<br /><br /><strong>Стоимость указана за 1 кв.м. без учета доставки от завода производителя</strong>";https://static.tildacdn.com/stor6264-6165-4562-b161-653962653933/45714649.jpg;;;;;;VPjA57tjLblB17dzt4Yo;;0;0;0;0
852036317131;;;;;"Классико (Б.1.КО.6) Стандарт Белый - Стандарт - Белый";;;https://static.tildacdn.com/stor6264-6165-4562-b161-653962653933/45714649.jpg;2000.00;;;"Коллекция:Стандарт;Цвет:Белый";;oPJPGhDGAKxNh0RktOjK;964530962121;0;0;0;0
878827408771;;;;"Классико - Б.1.КО.6";"Классико (Б.1.КО.6) Стандарт Черный";"Комплект из 3 видов плит: 116х173, 116х116 и 116х58 мм<br />Толщина 60 мм";"Тротуарная плитка КЛАССИКО Б.1.КО.6<br /><br />Данная плитка имитирует средневековый камень и обеспечивает территории привлекательный и эстетичный вид.<br /><br />Комплект состоит из 3 видов плит: 116х173, 116х116 и 116х58 мм<br /><ul><li data-list=""bullet"">Толщина 60 мм.</li><li data-list=""bullet"">Класс бетона изделий по прочности на сжатие: В25</li><li data-list=""bullet"">Марка бетона по морозостойкости F₂200</li><li data-list=""bullet"">Водопоглощение не более 6%</li><li data-list=""bullet"">Марка по истираемости G1</li></ul>Мы гарантируем точность соблюдения технологии производства и как следствие, высокое качество продукции.<br />Возможна отгрузка с нашего склада в Архангельске или доставка до места укладки.<br /><br />На паллете – 13,2 м2<br /><br /><strong>Стоимость указана за 1 кв.м. без учета доставки от завода производителя</strong>";https://static.tildacdn.com/stor3334-3436-4031-b939-323935363633/12392399.jpg;;;;;;9SP5YXrAhaSZ5rGZACEt;;0;0;0;0
492811791001;;;;;"Классико (Б.1.КО.6) Стандарт Черный - Стандарт - Чёрный";;;https://static.tildacdn.com/stor3334-3436-4031-b939-323935363633/12392399.jpg;1950.00;;;"Коллекция:Стандарт;Цвет:Чёрный";;h9iD1r3C6d5ryg9cIGYT;878827408771;0;0;0;0
965299475641;;;;"Классико - Б.1.КО.6";"Классико (Б.1.КО.6) Стандарт Красный";"Комплект из 3 видов плит: 116х173, 116х116 и 116х58 мм<br />Толщина 60 мм";"Тротуарная плитка КЛАССИКО Б.1.КО.6<br /><br />Данная плитка имитирует средневековый камень и обеспечивает территории привлекательный и эстетичный вид.<br /><br />Комплект состоит из 3 видов плит: 172х115, 115х115 и 57х115 мм<br /><ul><li data-list=""bullet"">Толщина 60 мм.</li><li data-list=""bullet"">Класс бетона изделий по прочности на сжатие: В25</li><li data-list=""bullet"">Марка бетона по морозостойкости F₂200</li><li data-list=""bullet"">Водопоглощение не более 6%</li><li data-list=""bullet"">Марка по истираемости G1</li></ul>Мы гарантируем точность соблюдения технологии производства и как следствие, высокое качество продукции.<br />Возможна отгрузка с нашего склада в Архангельске или доставка до места укладки.<br /><br />На паллете – 13,2 м2<br /><br /><strong>Стоимость указана за 1 кв.м. без учета доставки от завода производителя</strong>";https://static.tildacdn.com/stor3665-6166-4232-a466-313436373537/40075955.jpg;;;;;;yJBL8trdXGfyZhPRHTBC;;0;0;0;0
452871685811;;;;;"Классико (Б.1.КО.6) Стандарт Красный - Стандарт - Красный";;;https://static.tildacdn.com/stor3665-6166-4232-a466-313436373537/40075955.jpg;1950.00;;;"Коллекция:Стандарт;Цвет:Красный";;FElHaGc5ORJ8JmlVFtYN;965299475641;0;0;0;0
242997432291;;;;"Классико - Б.1.КО.6";"Классико (Б.1.КО.6) Стандарт Коричневый";"Комплект из 3 видов плит: 116х173, 116х116 и 116х58 мм<br />Толщина 60 мм";"Тротуарная плитка КЛАССИКО Б.1.КО.6<br /><br />Данная плитка имитирует средневековый камень и обеспечивает территории привлекательный и эстетичный вид.<br /><br />Комплект состоит из 3 видов плит: 172х115, 115х115 и 57х115 мм<br /><ul><li data-list=""bullet"">Толщина 60 мм.</li><li data-list=""bullet"">Класс бетона изделий по прочности на сжатие: В25</li><li data-list=""bullet"">Марка бетона по морозостойкости F₂200</li><li data-list=""bullet"">Водопоглощение не более 6%</li><li data-list=""bullet"">Марка по истираемости G1</li></ul>Мы гарантируем точность соблюдения технологии производства и как следствие, высокое качество продукции.<br />Возможна отгрузка с нашего склада в Архангельске или доставка до места укладки.<br /><br />На паллете – 13,2 м2<br /><br /><strong>Стоимость указана за 1 кв.м. без учета доставки от завода производителя</strong>";https://static.tildacdn.com/stor3536-6633-4466-b931-336331653261/65295116.jpg;;;;;;sZ2nzlXLLAX2M9ZgvgN3;;0;0;0;0
611809234161;;;;;"Классико (Б.1.КО.6) Стандарт Коричневый - Стандарт - Коричневый";;;https://static.tildacdn.com/stor3536-6633-4466-b931-336331653261/65295116.jpg;1950.00;;;"Коллекция:Стандарт;Цвет:Коричневый";;tDNgslEMZI6NGJjiR3JL;242997432291;0;0;0;0
339496404151;;;;"Классико - Б.1.КО.6";"Классико (Б.1.КО.6) Гладкий Янтарь";"Комплект из 3 видов плит: 172х115, 115х115 и 57х115 мм<br />Толщина 60 мм";"Тротуарная плитка КЛАССИКО Б.1.КО.6<br /><br />Данная плитка имитирует средневековый камень и обеспечивает территории привлекательный и эстетичный вид.<br /><br />Комплект состоит из 3 видов плит: 172х115, 115х115 и 57х115 мм<br /><ul><li>Толщина 60 мм.</li><li>Класс бетона изделий по прочности на сжатие: В25</li><li>Марка бетона по морозостойкости F₂200</li><li>Водопоглощение не более 6%</li><li>Марка по истираемости G1</li></ul>Мы гарантируем точность соблюдения технологии производства и как следствие, высокое качество продукции.<br />Возможна отгрузка с нашего склада в Архангельске или доставка до места укладки.<br /><br />На паллете – 14,56 м2<br /><br /><strong>Стоимость указана за 1 кв.м. без учета доставки от завода производителя</strong>";https://static.tildacdn.com/tild3333-3463-4864-a364-386564643733/01.jpg;;;;;;sSRHYKcGGm9xGpRCxJsr;;0;0;0;0
340249246941;;;;;"Классико (Б.1.КО.6) Гладкий Янтарь - Листопад® гладкий - Янтарь";;;https://static.tildacdn.com/tild3333-3463-4864-a364-386564643733/01.jpg;2700.00;;;"Коллекция:Листопад® гладкий;Цвет:Янтарь";;OVremMND5Gx91RX6PmXx;339496404151;0;0;0;0
920251972951;;;;"Классико - Б.1.КО.6";"Классико (Б.1.КО.6) Гладкий Хаски";"Комплект из 3 видов плит: 172х115, 115х115 и 57х115 мм<br />Толщина 60 мм";"Тротуарная плитка КЛАССИКО Б.1.КО.6<br /><br />Данная плитка имитирует средневековый камень и обеспечивает территории привлекательный и эстетичный вид.<br /><br />Комплект состоит из 3 видов плит: 172х115, 115х115 и 57х115 мм<br /><ul><li>Толщина 60 мм.</li><li>Класс бетона изделий по прочности на сжатие: В25</li><li>Марка бетона по морозостойкости F₂200</li><li>Водопоглощение не более 6%</li><li>Марка по истираемости G1</li></ul>Мы гарантируем точность соблюдения технологии производства и как следствие, высокое качество продукции.<br />Возможна отгрузка с нашего склада в Архангельске или доставка до места укладки.<br /><br />На паллете – 14,56 м2<br /><br /><strong>Стоимость указана за 1 кв.м. без учета доставки от завода производителя</strong>";https://static.tildacdn.com/stor6232-6163-4239-b837-363939643761/33329362.jpg;;;;;;eUKCtoNktsybrHR1ITC2;;0;0;0;0
299620779841;;;;;"Классико (Б.1.КО.6) Гладкий Хаски - Листопад® гладкий - Хаски";;;https://static.tildacdn.com/stor6232-6163-4239-b837-363939643761/33329362.jpg;2700.00;;;"Коллекция:Листопад® гладкий;Цвет:Хаски";;Vx1IeojiFKJaN5z2jiZB;920251972951;0;0;0;0
437665561431;;;;"Классико - Б.1.КО.6";"Классико (Б.1.КО.6) Гладкий Песчаник";"Комплект из 3 видов плит: 172х115, 115х115 и 57х115 мм<br />Толщина 60 мм";"Тротуарная плитка ""КЛАССИКО"" Б.1.КО.6, коллекция - Листопад гладкий, цвет - Песчаник.<br /><br />Плитка выполнена в выполнена в природных оттенках бежевого/коричневого. Отличается высокой износостойкостью и практичностью в эксплуатации. Предназначена для мощения садовых дорожек, пешеходных зон, тротуаров.<br /><p style=""text-align: left;"">Комплект из 3х видов плит: 115*172*60 мм,#nbsp;115*115*60 мм,#nbsp;57*115*60 мм.</p><br />Комплект состоит из 3 видов плит: 172х115, 115х115 и 57х115 мм<br /><ul><li>Толщина 60 мм.</li><li>Класс бетона изделий по прочности на сжатие: В25</li><li>Марка бетона по морозостойкости F₂200</li><li>Водопоглощение не более 6%</li><li>Марка по истираемости G1</li></ul>Мы гарантируем точность соблюдения технологии производства и как следствие, высокое качество продукции.<br />Возможна отгрузка с нашего склада в Архангельске или доставка до места укладки.<br /><br />На паллете – 14,56 м2<br /><br /><strong>Стоимость указана за 1 кв.м. без учета доставки от завода производителя</strong>";https://static.tildacdn.com/tild3963-3266-4234-b230-633132363966/01.jpg;;;;;;FaekE6A0ckcSAJv92YRU;;0;0;0;0
688734369741;;;;;"Классико (Б.1.КО.6) Гладкий Песчаник - Листопад® гладкий - Песчаник";;;https://static.tildacdn.com/tild3963-3266-4234-b230-633132363966/01.jpg;2700.00;;;"Коллекция:Листопад® гладкий;Цвет:Песчаник";;OHKnsyIcpDUs4FtIrCDL;437665561431;0;0;0;0
143240122351;;;;"Классико - Б.1.КО.6";"Классико (Б.1.КО.6) Гладкий Осень";"Комплект из 3 видов плит: 172х115, 115х115 и 57х115 мм<br />Толщина 60 мм";"Тротуарная плитка КЛАССИКО Б.1.КО.6<br /><br />Данная плитка имитирует средневековый камень и обеспечивает территории привлекательный и эстетичный вид.<br /><br />Комплект состоит из 3 видов плит: 172х115, 115х115 и 57х115 мм<br /><ul><li>Толщина 60 мм.</li><li>Класс бетона изделий по прочности на сжатие: В25</li><li>Марка бетона по морозостойкости F₂200</li><li>Водопоглощение не более 6%</li><li>Марка по истираемости G1</li></ul>Мы гарантируем точность соблюдения технологии производства и как следствие, высокое качество продукции.<br />Возможна отгрузка с нашего склада в Архангельске или доставка до места укладки.<br /><br />На паллете – 14,56 м2<br /><br /><strong>Стоимость указана за 1 кв.м. без учета доставки от завода производителя</strong>";https://static.tildacdn.com/tild3463-3562-4166-a365-656436643366/01.jpg;;;;;;gUANNNRYCgSTf16vgv7m;;0;0;0;0
750967494041;;;;;"Классико (Б.1.КО.6) Гладкий Осень - Листопад® гладкий - Осень";;;https://static.tildacdn.com/tild3463-3562-4166-a365-656436643366/01.jpg;2700.00;;;"Коллекция:Листопад® гладкий;Цвет:Осень";;ASZzDpFCCs0zJAKe2B09;143240122351;0;0;0;0
649649497771;;;;"Классико - Б.1.КО.6";"Классико (Б.1.КО.6) Гладкий Антрацит";"Комплект из 3 видов плит: 172х115, 115х115 и 57х115 мм<br />Толщина 60 мм";"Тротуарная плитка КЛАССИКО Б.1.КО.6<br /><br />Данная плитка имитирует средневековый камень и обеспечивает территории привлекательный и эстетичный вид.<br /><br />Комплект состоит из 3 видов плит: 172х115, 115х115 и 57х115 мм<br /><ul><li>Толщина 60 мм.</li><li>Класс бетона изделий по прочности на сжатие: В25</li><li>Марка бетона по морозостойкости F₂200</li><li>Водопоглощение не более 6%</li><li>Марка по истираемости G1</li></ul>Мы гарантируем точность соблюдения технологии производства и как следствие, высокое качество продукции.<br />Возможна отгрузка с нашего склада в Архангельске или доставка до места укладки.<br /><br />На паллете – 14,56 м2<br /><br /><strong>Стоимость указана за 1 кв.м. без учета доставки от завода производителя</strong>";https://static.tildacdn.com/tild3038-3131-4964-b032-346237326661/01.jpg;;;;;;4tibksgplEuYzzv9sLEl;;0;0;0;0
104746062731;;;;;"Классико (Б.1.КО.6) Гладкий Антрацит - Листопад® гладкий - Антрацит";;;https://static.tildacdn.com/tild3038-3131-4964-b032-346237326661/01.jpg;2700.00;;;"Коллекция:Листопад® гладкий;Цвет:Антрацит";;oeDEb5TtLUB189JBCEKH;649649497771;0;0;0;0
614893617991;;;;"Классико - Б.1.КО.6";"Классико (Б.1.КО.6) Гладкий Старый замок";"Комплект из 3 видов плит: 172х115, 115х115 и 57х115 мм<br />Толщина 60 мм";"Тротуарная плитка КЛАССИКО Б.1.КО.6<br /><br />Данная плитка имитирует средневековый камень и обеспечивает территории привлекательный и эстетичный вид.<br /><br />Комплект состоит из 3 видов плит: 172х115, 115х115 и 57х115 мм<br /><ul><li>Толщина 60 мм.</li><li>Класс бетона изделий по прочности на сжатие: В25</li><li>Марка бетона по морозостойкости F₂200</li><li>Водопоглощение не более 6%</li><li>Марка по истираемости G1</li></ul>Мы гарантируем точность соблюдения технологии производства и как следствие, высокое качество продукции.<br />Возможна отгрузка с нашего склада в Архангельске или доставка до места укладки.<br /><br />На паллете – 14,56 м2<br /><br /><strong>Стоимость указана за 1 кв.м. без учета доставки от завода производителя</strong>";https://static.tildacdn.com/tild3535-3062-4030-b033-383031343061/01.jpg;;;;;;HMevhix2H5jFFPLdfTAu;;0;0;0;0
200292539111;;;;;"Классико (Б.1.КО.6) Гладкий Старый замок - Листопад® гладкий - Старый замок";;;https://static.tildacdn.com/tild3535-3062-4030-b033-383031343061/01.jpg;2700.00;;;"Коллекция:Листопад® гладкий;Цвет:Старый замок";;8sn51CkAExieJb8dEnVr;614893617991;0;0;0;0
156877409501;;;;"Классико - Б.1.КО.6";"Классико (Б.1.КО.6) Гладкий Клинкер";"Комплект из 3 видов плит: 172х115, 115х115 и 57х115 мм<br />Толщина 60 мм";"Тротуарная плитка КЛАССИКО Б.1.КО.6<br /><br />Данная плитка имитирует средневековый камень и обеспечивает территории привлекательный и эстетичный вид.<br /><br />Комплект состоит из 3 видов плит: 172х115, 115х115 и 57х115 мм<br /><ul><li>Толщина 60 мм.</li><li>Класс бетона изделий по прочности на сжатие: В25</li><li>Марка бетона по морозостойкости F₂200</li><li>Водопоглощение не более 6%</li><li>Марка по истираемости G1</li></ul>Мы гарантируем точность соблюдения технологии производства и как следствие, высокое качество продукции.<br />Возможна отгрузка с нашего склада в Архангельске или доставка до места укладки.<br /><br />На паллете – 14,56 м2<br /><br /><strong>Стоимость указана за 1 кв.м. без учета доставки от завода производителя</strong>";https://static.tildacdn.com/tild3162-3063-4539-a136-353730373262/01.jpg;;;;;;dZLKCBKrJYmE76FxvT6h;;0;0;0;0
643122374721;;;;;"Классико (Б.1.КО.6) Гладкий Клинкер - Листопад® гладкий - Клинкер";;;https://static.tildacdn.com/tild3162-3063-4539-a136-353730373262/01.jpg;2700.00;;;"Коллекция:Листопад® гладкий;Цвет:Клинкер";;jnkCuBh6UKb8Vu7d2GrY;156877409501;0;0;0;0
346416352501;;;;"Классико - Б.1.КО.6";"Классико (Б.1.КО.6) Гранит Янтарь";"Комплект из 3 видов плит: 172х115, 115х115 и 57х115 мм<br />Толщина 60 мм";"Тротуарная плитка КЛАССИКО Б.1.КО.6<br /><br />Данная плитка имитирует средневековый камень и обеспечивает территории привлекательный и эстетичный вид.<br /><br />Комплект состоит из 3 видов плит: 172х115, 115х115 и 57х115 мм<br /><ul><li>Толщина 60 мм.</li><li>Класс бетона изделий по прочности на сжатие: В25</li><li>Марка бетона по морозостойкости F₂200</li><li>Водопоглощение не более 6%</li><li>Марка по истираемости G1</li></ul>Мы гарантируем точность соблюдения технологии производства и как следствие, высокое качество продукции.<br />Возможна отгрузка с нашего склада в Архангельске или доставка до места укладки.<br /><br />На паллете – 14,56 м2<br /><br /><strong>Стоимость указана за 1 кв.м. без учета доставки от завода производителя</strong>";https://static.tildacdn.com/tild3366-6439-4232-b034-346337623063/01.jpg;;;;;;AXxZt9IKz90G6N2mEgMC;;0;0;0;0
669665499231;;;;;"Классико (Б.1.КО.6) Гранит Янтарь - Листопад® гранит - Янтарь";;;https://static.tildacdn.com/tild3366-6439-4232-b034-346337623063/01.jpg;3400.00;;;"Коллекция:Листопад® гранит;Цвет:Янтарь";;YLGXD0omL1ebZjXRReHA;346416352501;0;0;0;0
211184243941;;;;"Классико - Б.1.КО.6";"Классико (Б.1.КО.6) Гранит Хаски";"Комплект из 3 видов плит: 172х115, 115х115 и 57х115 мм<br />Толщина 60 мм";"Тротуарная плитка КЛАССИКО Б.1.КО.6<br /><br />Данная плитка имитирует средневековый камень и обеспечивает территории привлекательный и эстетичный вид.<br /><br />Комплект состоит из 3 видов плит: 172х115, 115х115 и 57х115 мм<br /><ul><li>Толщина 60 мм.</li><li>Класс бетона изделий по прочности на сжатие: В25</li><li>Марка бетона по морозостойкости F₂200</li><li>Водопоглощение не более 6%</li><li>Марка по истираемости G1</li></ul>Мы гарантируем точность соблюдения технологии производства и как следствие, высокое качество продукции.<br />Возможна отгрузка с нашего склада в Архангельске или доставка до места укладки.<br /><br />На паллете – 14,56 м2<br /><br /><strong>Стоимость указана за 1 кв.м. без учета доставки от завода производителя</strong>";https://static.tildacdn.com/stor6232-6163-4239-b837-363939643761/33329362.jpg;;;;;;a3IKu0yZugMxToe9pSJ0;;0;0;0;0
488575210611;;;;;"Классико (Б.1.КО.6) Гранит Хаски - Листопад® гранит - Хаски";;;https://static.tildacdn.com/stor6232-6163-4239-b837-363939643761/33329362.jpg;3400.00;;;"Коллекция:Листопад® гранит;Цвет:Хаски";;1NTogN7P4aps5N6Gu18R;211184243941;0;0;0;0
377767229021;;;;"Классико - Б.1.КО.6";"Классико (Б.1.КО.6) Гранит Осень";"Комплект из 3 видов плит: 172х115, 115х115 и 57х115 мм<br />Толщина 60 мм";"Тротуарная плитка КЛАССИКО Б.1.КО.6<br /><br />Данная плитка имитирует средневековый камень и обеспечивает территории привлекательный и эстетичный вид.<br /><br />Комплект состоит из 3 видов плит: 172х115, 115х115 и 57х115 мм<br /><ul><li>Толщина 60 мм.</li><li>Класс бетона изделий по прочности на сжатие: В25</li><li>Марка бетона по морозостойкости F₂200</li><li>Водопоглощение не более 6%</li><li>Марка по истираемости G1</li></ul>Мы гарантируем точность соблюдения технологии производства и как следствие, высокое качество продукции.<br />Возможна отгрузка с нашего склада в Архангельске или доставка до места укладки.<br /><br />На паллете – 14,56 м2<br /><br /><strong>Стоимость указана за 1 кв.м. без учета доставки от завода производителя</strong>";https://static.tildacdn.com/tild6338-6466-4266-b563-333661366463/01.jpg;;;;;;2MLgUT53UC9LELRphV8r;;0;0;0;0
892634908881;;;;;"Классико (Б.1.КО.6) Гранит Осень - Листопад® гранит - Осень";;;https://static.tildacdn.com/tild6338-6466-4266-b563-333661366463/01.jpg;3400.00;;;"Коллекция:Листопад® гранит;Цвет:Осень";;BAmzudRG8NxyhMKl3aMd;377767229021;0;0;0;0
953017515181;;;;"Классико - Б.1.КО.6";"Классико (Б.1.КО.6) Гранит Антрацит";"Комплект из 3 видов плит: 172х115, 115х115 и 57х115 мм<br />Толщина 60 мм";"Тротуарная плитка КЛАССИКО Б.1.КО.6<br /><br />Данная плитка имитирует средневековый камень и обеспечивает территории привлекательный и эстетичный вид.<br /><br />Комплект состоит из 3 видов плит: 172х115, 115х115 и 57х115 мм<br /><ul><li>Толщина 60 мм.</li><li>Класс бетона изделий по прочности на сжатие: В25</li><li>Марка бетона по морозостойкости F₂200</li><li>Водопоглощение не более 6%</li><li>Марка по истираемости G1</li></ul>Мы гарантируем точность соблюдения технологии производства и как следствие, высокое качество продукции.<br />Возможна отгрузка с нашего склада в Архангельске или доставка до места укладки.<br /><br />На паллете – 14,56 м2<br /><br /><strong>Стоимость указана за 1 кв.м. без учета доставки от завода производителя</strong>";https://static.tildacdn.com/stor3838-6435-4038-b830-393861373063/60454335.jpg;;;;;;BAEZJ9j7pj85AmkEclR5;;0;0;0;0
368340521271;;;;;"Классико (Б.1.КО.6) Гранит Антрацит - Листопад® гранит - Антрацит";;;https://static.tildacdn.com/stor3838-6435-4038-b830-393861373063/60454335.jpg;3400.00;;;"Коллекция:Листопад® гранит;Цвет:Антрацит";;TjtDAB976YthIsDtkc9k;953017515181;0;0;0;0
480808762381;;;;"Классико - Б.1.КО.6";"Классико (Б.1.КО.6) Гранит Старый замок";"Комплект из 3 видов плит: 172х115, 115х115 и 57х115 мм<br />Толщина 60 мм";"Тротуарная плитка КЛАССИКО Б.1.КО.6<br /><br />Данная плитка имитирует средневековый камень и обеспечивает территории привлекательный и эстетичный вид.<br /><br />Комплект состоит из 3 видов плит: 172х115, 115х115 и 57х115 мм<br /><ul><li>Толщина 60 мм.</li><li>Класс бетона изделий по прочности на сжатие: В25</li><li>Марка бетона по морозостойкости F₂200</li><li>Водопоглощение не более 6%</li><li>Марка по истираемости G1</li></ul>Мы гарантируем точность соблюдения технологии производства и как следствие, высокое качество продукции.<br />Возможна отгрузка с нашего склада в Архангельске или доставка до места укладки.<br /><br />На паллете – 14,56 м2<br /><br /><strong>Стоимость указана за 1 кв.м. без учета доставки от завода производителя</strong>";https://static.tildacdn.com/tild6363-3063-4331-b039-636131393138/01.jpg;;;;;;4H2YEuYbX6MTLZUhfCAN;;0;0;0;0
284234476681;;;;;"Классико (Б.1.КО.6) Гранит Старый замок - Листопад® гранит - Старый замок";;;https://static.tildacdn.com/tild6363-3063-4331-b039-636131393138/01.jpg;3400.00;;;"Коллекция:Листопад® гранит;Цвет:Старый замок";;hf6v4G5YV05hcC2nfjV9;480808762381;0;0;0;0
147796529771;;;;"Классико - Б.1.КО.6";"Классико (Б.1.КО.6) Гранит Клинкер";"Комплект из 3 видов плит: 172х115, 115х115 и 57х115 мм<br />Толщина 60 мм";"Тротуарная плитка КЛАССИКО Б.1.КО.6<br /><br />Данная плитка имитирует средневековый камень и обеспечивает территории привлекательный и эстетичный вид.<br /><br />Комплект состоит из 3 видов плит: 172х115, 115х115 и 57х115 мм<br /><ul><li>Толщина 60 мм.</li><li>Класс бетона изделий по прочности на сжатие: В25</li><li>Марка бетона по морозостойкости F₂200</li><li>Водопоглощение не более 6%</li><li>Марка по истираемости G1</li></ul>Мы гарантируем точность соблюдения технологии производства и как следствие, высокое качество продукции.<br />Возможна отгрузка с нашего склада в Архангельске или доставка до места укладки.<br /><br />На паллете – 14,56 м2<br /><br /><strong>Стоимость указана за 1 кв.м. без учета доставки от завода производителя</strong>";https://static.tildacdn.com/tild3162-3336-4739-b666-316561373838/01.jpg;;;;;;gVRertiF1epgCCiHVzN7;;0;0;0;0
546564751841;;;;;"Классико (Б.1.КО.6) Гранит Клинкер - Листопад® гранит - Клинкер";;;https://static.tildacdn.com/tild3162-3336-4739-b666-316561373838/01.jpg;3400.00;;;"Коллекция:Листопад® гранит;Цвет:Клинкер";;y5v5FPf8VF5gi1dZuLuL;147796529771;0;0;0;0
977825611061;;;;"Классико - Б.1.КО.6";"Классико (Б.1.КО.6) Стоунмикс Белый";"Комплект из 3 видов плит: 172х115, 115х115 и 57х115 мм<br />Толщина 60 мм";"Тротуарная плитка КЛАССИКО Б.1.КО.6<br /><br />Данная плитка имитирует средневековый камень и обеспечивает территории привлекательный и эстетичный вид.<br /><br />Комплект состоит из 3 видов плит: 172х115, 115х115 и 57х115 мм<br /><ul><li>Толщина 60 мм.</li><li>Класс бетона изделий по прочности на сжатие: В25</li><li>Марка бетона по морозостойкости F₂200</li><li>Водопоглощение не более 6%</li><li>Марка по истираемости G1</li></ul>Мы гарантируем точность соблюдения технологии производства и как следствие, высокое качество продукции.<br />Возможна отгрузка с нашего склада в Архангельске или доставка до места укладки.<br /><br />На паллете – 14,56 м2<br /><br /><strong>Стоимость указана за 1 кв.м. без учета доставки от завода производителя</strong>";https://static.tildacdn.com/stor3930-3866-4135-b362-636264626338/95966835.jpg;;;;;;G8Px5VKFiroGxpZgcJvs;;0;0;0;0
826208856611;;;;;"Классико (Б.1.КО.6) Стоунмикс Белый - Стоунмикс - Белый";;;https://static.tildacdn.com/stor3930-3866-4135-b362-636264626338/95966835.jpg;3700.00;;;"Коллекция:Стоунмикс;Цвет:Белый";;AHy6esFLc9VP4hOkArav;977825611061;0;0;0;0
499711646051;;;;"Классико - Б.1.КО.6";"Классико (Б.1.КО.6) Стоунмикс Черный";"Комплект из 3 видов плит: 172х115, 115х115 и 57х115 мм<br />Толщина 60 мм";"Тротуарная плитка КЛАССИКО Б.1.КО.6<br /><br />Данная плитка имитирует средневековый камень и обеспечивает территории привлекательный и эстетичный вид.<br /><br />Комплект состоит из 3 видов плит: 172х115, 115х115 и 57х115 мм<br /><ul><li>Толщина 60 мм.</li><li>Класс бетона изделий по прочности на сжатие: В25</li><li>Марка бетона по морозостойкости F₂200</li><li>Водопоглощение не более 6%</li><li>Марка по истираемости G1</li></ul>Мы гарантируем точность соблюдения технологии производства и как следствие, высокое качество продукции.<br />Возможна отгрузка с нашего склада в Архангельске или доставка до места укладки.<br /><br />На паллете – 14,56 м2<br /><br /><strong>Стоимость указана за 1 кв.м. без учета доставки от завода производителя</strong>";https://static.tildacdn.com/stor3330-3936-4438-b836-616362363236/65940415.jpg;;;;;;km4UTjnkr5Il8hvnDaJA;;0;0;0;0
655932105161;;;;;"Классико (Б.1.КО.6) Стоунмикс Черный - Стоунмикс - Черный";;;https://static.tildacdn.com/stor3330-3936-4438-b836-616362363236/65940415.jpg;3700.00;;;"Коллекция:Стоунмикс;Цвет:Черный";;D930nYXbHkAfrlTGhmf4;499711646051;0;0;0;0
176615788121;;;;"Классико - Б.1.КО.6";"Классико (Б.1.КО.6) Стоунмикс Бело-Черный";"Комплект из 3 видов плит: 172х115, 115х115 и 57х115 мм<br />Толщина 60 мм";"Тротуарная плитка КЛАССИКО Б.1.КО.6<br /><br />Данная плитка имитирует средневековый камень и обеспечивает территории привлекательный и эстетичный вид.<br /><br />Комплект состоит из 3 видов плит: 172х115, 115х115 и 57х115 мм<br /><ul><li>Толщина 60 мм.</li><li>Класс бетона изделий по прочности на сжатие: В25</li><li>Марка бетона по морозостойкости F₂200</li><li>Водопоглощение не более 6%</li><li>Марка по истираемости G1</li></ul>Мы гарантируем точность соблюдения технологии производства и как следствие, высокое качество продукции.<br />Возможна отгрузка с нашего склада в Архангельске или доставка до места укладки.<br /><br />На паллете – 14,56 м2<br /><br /><strong>Стоимость указана за 1 кв.м. без учета доставки от завода производителя</strong>";https://static.tildacdn.com/tild6434-3661-4566-a237-633732633864/01.jpg;;;;;;gNT4Yp9ulOXi4P7c0sVu;;0;0;0;0
999453742471;;;;;"Классико (Б.1.КО.6) Стоунмикс Бело-Черный - Стоунмикс - Бело-черный";;;https://static.tildacdn.com/tild6434-3661-4566-a237-633732633864/01.jpg;3700.00;;;"Коллекция:Стоунмикс;Цвет:Бело-черный";;hSPOBhPdGpIBsRajY2rL;176615788121;0;0;0;0
671056202691;;;;"Старый город";"Старый город (Б.1.Фсм.6/8) Стандарт Серый";"Комплект из 3х камней<br />260х160 мм / 160х160 мм / 160х100 мм<br />Толщина 60 мм или 80 мм";"При мощении территории плитами «Старый город» изменяется весь подход к благоустройству.<br /><br />Мы производим плиты «Старый город» рельефными, гладкими и в широкой цветовой гамме.<br /><br />Если вы обустраиваете современный объект, но не желаете отказываться от классических решений при создании ландшафта, тогда тротуарная плита «Старый город» станет наилучшим выбором.<br /><br />Комплект из 3х камней<br />260х160 мм / 160х160 мм / 160х100 мм<br /><ul><li data-list=""bullet"">Толщина 60 мм или 80 мм</li><li data-list=""bullet"">Класс бетона изделий по прочности на сжатие: В25</li><li data-list=""bullet"">Марка бетона по морозостойкости F₂200</li><li data-list=""bullet"">Водопоглощение не более 6%</li><li data-list=""bullet"">Марка по истираемости G1</li></ul><br />Старый город 60 мм на паллете – 13,2 м2<br />Старый город 80 мм на паллете – 10,9 м2<br /><br /><strong>Стоимость указана за 1 кв.м. без учета доставки от завода производителя</strong>";https://static.tildacdn.com/stor3935-3139-4462-a339-636463313066/60215983.jpg;;;;;;kTsP87I20oYBdRD0B34s;;0;0;0;0
302680137551;;;;;"Старый город (Б.1.Фсм.6/8) Стандарт Серый - Стандарт - Серый - 60 мм";;;https://static.tildacdn.com/stor3935-3139-4462-a339-636463313066/60215983.jpg;1550.00;;;"Коллекция:Стандарт;Цвет:Серый;Толщина:60 мм";;lyDbkfvddNdnrnRITELd;671056202691;0;0;0;0
820529643351;;;;;"Старый город (Б.1.Фсм.6/8) Стандарт Серый - Стандарт - Серый - 80 мм";;;https://static.tildacdn.com/stor3935-3139-4462-a339-636463313066/60215983.jpg;1850.00;;;"Коллекция:Стандарт;Цвет:Серый;Толщина:80 мм";;dBBh5kEOH82zZJ81JO6b;671056202691;0;0;0;0
941429409721;;;;"Старый город";"Старый город (Б.1.Фсм.6/8) Стандарт Черный";"Комплект из 3х камней<br />260х160 мм / 160х160 мм / 160х100 мм<br />Толщина 60 мм или 80 мм";"При мощении территории плитами «Старый город» изменяется весь подход к благоустройству.<br /><br />Мы производим плиты «Старый город» рельефными, гладкими и в широкой цветовой гамме.<br /><br />Если вы обустраиваете современный объект, но не желаете отказываться от классических решений при создании ландшафта, тогда тротуарная плита «Старый город» станет наилучшим выбором.<br /><br />Комплект из 3х камней<br />260х160 мм / 160х160 мм / 160х100 мм<br /><ul><li data-list=""bullet"">Толщина 60 мм или 80 мм</li><li data-list=""bullet"">Класс бетона изделий по прочности на сжатие: В25</li><li data-list=""bullet"">Марка бетона по морозостойкости F₂200</li><li data-list=""bullet"">Водопоглощение не более 6%</li><li data-list=""bullet"">Марка по истираемости G1</li></ul><br />Старый город 60 мм на паллете – 13,2 м2<br />Старый город 80 мм на паллете – 10,9 м2<br /><br /><strong>Стоимость указана за 1 кв.м. без учета доставки от завода производителя</strong>";https://static.tildacdn.com/stor6631-3630-4732-b238-316366376161/93642878.jpg;;;;;;9sO1ZkLBGeC2MbzGzpJG;;0;0;0;0
666330755051;;;;;"Старый город (Б.1.Фсм.6/8) Стандарт Черный - Стандарт - Чёрный - 60 мм";;;https://static.tildacdn.com/stor6631-3630-4732-b238-316366376161/93642878.jpg;1950.00;;;"Коллекция:Стандарт;Цвет:Чёрный;Толщина:60 мм";;CTp9J6467XmL3cF8vhBs;941429409721;0;0;0;0
428435018581;;;;;"Старый город (Б.1.Фсм.6/8) Стандарт Черный - Стандарт - Чёрный - 80 мм";;;https://static.tildacdn.com/tild3466-6163-4639-a333-623332383366/2021-03-11_16-25-03.png;2000.00;;;"Коллекция:Стандарт;Цвет:Чёрный;Толщина:80 мм";;oBKVMotkJ4hf7kLTJhDg;941429409721;0;0;0;0
661491031231;;;;"Старый город";"Старый город (Б.1.Фсм.6/8) Стандарт Коричневый";"Комплект из 3х камней<br />260х160 мм / 160х160 мм / 160х100 мм<br />Толщина 60 мм или 80 мм";"При мощении территории плитами «Старый город» изменяется весь подход к благоустройству.<br /><br />Мы производим плиты «Старый город» рельефными, гладкими и в широкой цветовой гамме.<br /><br />Если вы обустраиваете современный объект, но не желаете отказываться от классических решений при создании ландшафта, тогда тротуарная плита «Старый город» станет наилучшим выбором.<br /><br />Комплект из 3х камней<br />260х160 мм / 160х160 мм / 160х100 мм<br /><ul><li data-list=""bullet"">Толщина 60 мм или 80 мм</li><li data-list=""bullet"">Класс бетона изделий по прочности на сжатие: В25</li><li data-list=""bullet"">Марка бетона по морозостойкости F₂200</li><li data-list=""bullet"">Водопоглощение не более 6%</li><li data-list=""bullet"">Марка по истираемости G1</li></ul><br />Старый город 60 мм на паллете – 13,2 м2<br />Старый город 80 мм на паллете – 10,9 м2<br /><br /><strong>Стоимость указана за 1 кв.м. без учета доставки от завода производителя</strong>";https://static.tildacdn.com/stor6562-6131-4635-a461-643730363637/14124849.jpg;;;;;;MSiavPcCgeAIl7ReRBhg;;0;0;0;0
681268711141;;;;;"Старый город (Б.1.Фсм.6/8) Стандарт Коричневый - Стандарт - Коричневый - 60 мм";;;https://static.tildacdn.com/stor6562-6131-4635-a461-643730363637/14124849.jpg;1950.00;;;"Коллекция:Стандарт;Цвет:Коричневый;Толщина:60 мм";;gBnYT51YF2oGzxTuS61z;661491031231;0;0;0;0
974929386581;;;;;"Старый город (Б.1.Фсм.6/8) Стандарт Коричневый - Стандарт - Коричневый - 80 мм";;;https://static.tildacdn.com/stor6562-6131-4635-a461-643730363637/14124849.jpg;2000.00;;;"Коллекция:Стандарт;Цвет:Коричневый;Толщина:80 мм";;yIYVKBxCrVD4Y74ZmnM5;661491031231;0;0;0;0
373792711351;;;;"Старый город";"Старый город (Б.1.Фсм.6/8) Стандарт Красный";"Комплект из 3х камней<br />260х160 мм / 160х160 мм / 160х100 мм<br />Толщина 60 мм или 80 мм";"При мощении территории плитами «Старый город» изменяется весь подход к благоустройству.<br /><br />Мы производим плиты «Старый город» рельефными, гладкими и в широкой цветовой гамме.<br /><br />Если вы обустраиваете современный объект, но не желаете отказываться от классических решений при создании ландшафта, тогда тротуарная плита «Старый город» станет наилучшим выбором.<br /><br />Комплект из 3х камней<br />260х160 мм / 160х160 мм / 160х100 мм<br /><ul><li data-list=""bullet"">Толщина 60 мм или 80 мм</li><li data-list=""bullet"">Класс бетона изделий по прочности на сжатие: В25</li><li data-list=""bullet"">Марка бетона по морозостойкости F₂200</li><li data-list=""bullet"">Водопоглощение не более 6%</li><li data-list=""bullet"">Марка по истираемости G1</li></ul><br />Старый город 60 мм на паллете – 13,2 м2<br />Старый город 80 мм на паллете – 10,9 м2<br /><br /><strong>Стоимость указана за 1 кв.м. без учета доставки от завода производителя</strong>";https://static.tildacdn.com/stor6636-3131-4530-b339-363161316339/67295950.jpg;;;;;;BvFS2a11PSZiO1bOYdAK;;0;0;0;0
936428269611;;;;;"Старый город (Б.1.Фсм.6/8) Стандарт Красный - Стандарт - Красный - 60 мм";;;https://static.tildacdn.com/stor6636-3131-4530-b339-363161316339/67295950.jpg;1950.00;;;"Коллекция:Стандарт;Цвет:Красный;Толщина:60 мм";;nLsrU2uIkNiucL1EG0uC;373792711351;0;0;0;0
591744249931;;;;;"Старый город (Б.1.Фсм.6/8) Стандарт Красный - Стандарт - Красный - 80 мм";;;https://static.tildacdn.com/stor6636-3131-4530-b339-363161316339/67295950.jpg;2000.00;;;"Коллекция:Стандарт;Цвет:Красный;Толщина:80 мм";;xZcLJv9tCen83yV4D6bi;373792711351;0;0;0;0
622386425281;;;;"Старый город";"Старый город (Б.1.Фсм.6/8) Стандарт Белый";"Комплект из 3х камней<br />260х160 мм / 160х160 мм / 160х100 мм<br />Толщина 60 мм или 80 мм";"При мощении территории плитами «Старый город» изменяется весь подход к благоустройству.<br /><br />Мы производим плиты «Старый город» рельефными, гладкими и в широкой цветовой гамме.<br /><br />Если вы обустраиваете современный объект, но не желаете отказываться от классических решений при создании ландшафта, тогда тротуарная плита «Старый город» станет наилучшим выбором.<br /><br />Комплект из 3х камней<br />260х160 мм / 160х160 мм / 160х100 мм<br /><ul><li data-list=""bullet"">Толщина 60 мм или 80 мм</li><li data-list=""bullet"">Класс бетона изделий по прочности на сжатие: В25</li><li data-list=""bullet"">Марка бетона по морозостойкости F₂200</li><li data-list=""bullet"">Водопоглощение не более 6%</li><li data-list=""bullet"">Марка по истираемости G1</li></ul><br />Старый город 60 мм на паллете – 13,2 м2<br />Старый город 80 мм на паллете – 10,9 м2<br /><br /><strong>Стоимость указана за 1 кв.м. без учета доставки от завода производителя</strong>";https://static.tildacdn.com/stor3861-3630-4966-a364-376465376132/12578844.jpg;;;;;;7AYDzpLHpCj70fpVJj8X;;0;0;0;0
533556666341;;;;;"Старый город (Б.1.Фсм.6/8) Стандарт Белый - Стандарт - Белый - 60 мм";;;https://static.tildacdn.com/stor3861-3630-4966-a364-376465376132/12578844.jpg;2000.00;;;"Коллекция:Стандарт;Цвет:Белый;Толщина:60 мм";;9kn69z5RgOlLxNAeLaf7;622386425281;0;0;0;0
966035615771;;;;;"Старый город (Б.1.Фсм.6/8) Стандарт Белый - Стандарт - Белый - 80 мм";;;https://static.tildacdn.com/stor3861-3630-4966-a364-376465376132/12578844.jpg;2050.00;;;"Коллекция:Стандарт;Цвет:Белый;Толщина:80 мм";;NdmcBOYjDxp8TO9X0Hc0;622386425281;0;0;0;0
657724662351;;;;"Старый город";"Старый город (Б.1.Фсм.6/8) Гладкий Янтарь";"Комплект из 3х камней<br />260х160 мм / 160х160 мм / 160х100 мм<br />Толщина 60 мм или 80 мм";"При мощении территории плитами «Старый город» изменяется весь подход к благоустройству.<br /><br />Мы производим плиты «Старый город» рельефными, гладкими и в широкой цветовой гамме.<br /><br />Если вы обустраиваете современный объект, но не желаете отказываться от классических решений при создании ландшафта, тогда тротуарная плита «Старый город» станет наилучшим выбором.<br /><br />Комплект из 3х камней<br />260х160 мм / 160х160 мм / 160х100 мм<br /><ul><li>Толщина 60 мм или 80 мм</li><li>Класс бетона изделий по прочности на сжатие: В25</li><li>Марка бетона по морозостойкости F₂200</li><li>Водопоглощение не более 6%</li><li>Марка по истираемости G1</li></ul><br />Старый город 60 мм на паллете – 14,17 м2<br />Старый город 80 мм на паллете – 10,9 м2<br /><br /><strong>Стоимость указана за 1 кв.м. без учета доставки от завода производителя</strong>";https://static.tildacdn.com/tild3034-3231-4162-b536-376565326536/01.jpg;;;;;;mp9rZGpsZBmnc3YHBsty;;0;0;0;0
989048672631;;;;;"Старый город (Б.1.Фсм.6/8) Гладкий Янтарь - Листопад® гладкий - Янтарь - 60 мм";;;https://static.tildacdn.com/tild3034-3231-4162-b536-376565326536/01.jpg;2850.00;;;"Коллекция:Листопад® гладкий;Цвет:Янтарь;Толщина:60 мм";;DS5xJivfBkE3YubsVm2N;657724662351;0;0;0;0
911700521141;;;;;"Старый город (Б.1.Фсм.6/8) Гладкий Янтарь - Листопад® гладкий - Янтарь - 80 мм";;;https://static.tildacdn.com/tild3034-3231-4162-b536-376565326536/01.jpg;3200.00;;;"Коллекция:Листопад® гладкий;Цвет:Янтарь;Толщина:80 мм";;N4E1SlbMT1xmR7UuM3A3;657724662351;0;0;0;0
508567332881;;;;"Старый город";"Старый город (Б.1.Фсм.6/8) Гладкий Хаски";"Комплект из 3х камней<br />260х160 мм / 160х160 мм / 160х100 мм<br />Толщина 60 мм или 80 мм";"При мощении территории плитами «Старый город» изменяется весь подход к благоустройству.<br /><br />Мы производим плиты «Старый город» рельефными, гладкими и в широкой цветовой гамме.<br /><br />Если вы обустраиваете современный объект, но не желаете отказываться от классических решений при создании ландшафта, тогда тротуарная плита «Старый город» станет наилучшим выбором.<br /><br />Комплект из 3х камней<br />260х160 мм / 160х160 мм / 160х100 мм<br /><ul><li>Толщина 60 мм или 80 мм</li><li>Класс бетона изделий по прочности на сжатие: В25</li><li>Марка бетона по морозостойкости F₂200</li><li>Водопоглощение не более 6%</li><li>Марка по истираемости G1</li></ul><br />Старый город 60 мм на паллете – 14,17 м2<br />Старый город 80 мм на паллете – 10,9 м2<br /><br /><strong>Стоимость указана за 1 кв.м. без учета доставки от завода производителя</strong>";https://static.tildacdn.com/tild3663-6365-4438-a133-373933333633/01.jpg;;;;;;GrtrTfaJ59NMLkFd5ofZ;;0;0;0;0
462256704931;;;;;"Старый город (Б.1.Фсм.6/8) Гладкий Хаски - Листопад® гладкий - Хаски - 60 мм";;;https://static.tildacdn.com/tild3663-6365-4438-a133-373933333633/01.jpg;2850.00;;;"Коллекция:Листопад® гладкий;Цвет:Хаски;Толщина:60 мм";;Du1bs03b0g5s1kyZ0Skc;508567332881;0;0;0;0
438630987161;;;;;"Старый город (Б.1.Фсм.6/8) Гладкий Хаски - Листопад® гладкий - Хаски - 80 мм";;;https://static.tildacdn.com/tild3663-6365-4438-a133-373933333633/01.jpg;3200.00;;;"Коллекция:Листопад® гладкий;Цвет:Хаски;Толщина:80 мм";;eSsi5il9cPZyVrFPkDc9;508567332881;0;0;0;0
778328893331;;;;"Старый город";"Старый город (Б.1.Фсм.6/8) Гладкий Осень";"Комплект из 3х камней<br />260х160 мм / 160х160 мм / 160х100 мм<br />Толщина 60 мм или 80 мм";"При мощении территории плитами «Старый город» изменяется весь подход к благоустройству.<br /><br />Мы производим плиты «Старый город» рельефными, гладкими и в широкой цветовой гамме.<br /><br />Если вы обустраиваете современный объект, но не желаете отказываться от классических решений при создании ландшафта, тогда тротуарная плита «Старый город» станет наилучшим выбором.<br /><br />Комплект из 3х камней<br />260х160 мм / 160х160 мм / 160х100 мм<br /><ul><li>Толщина 60 мм или 80 мм</li><li>Класс бетона изделий по прочности на сжатие: В25</li><li>Марка бетона по морозостойкости F₂200</li><li>Водопоглощение не более 6%</li><li>Марка по истираемости G1</li></ul><br />Старый город 60 мм на паллете – 14,17 м2<br />Старый город 80 мм на паллете – 10,9 м2<br /><br /><strong>Стоимость указана за 1 кв.м. без учета доставки от завода производителя</strong>";https://static.tildacdn.com/tild3261-6536-4466-a362-316464633462/01.jpg;;;;;;rgYMhTPUy6liVcTzkIKL;;0;0;0;0
771948167371;;;;;"Старый город (Б.1.Фсм.6/8) Гладкий Осень - Листопад® гладкий - Осень - 60 мм";;;https://static.tildacdn.com/tild3261-6536-4466-a362-316464633462/01.jpg;2850.00;;;"Коллекция:Листопад® гладкий;Цвет:Осень;Толщина:60 мм";;pzrYI0TIRizu0e4SkH1g;778328893331;0;0;0;0
778520727701;;;;;"Старый город (Б.1.Фсм.6/8) Гладкий Осень - Листопад® гладкий - Осень - 80 мм";;;https://static.tildacdn.com/tild3261-6536-4466-a362-316464633462/01.jpg;3200.00;;;"Коллекция:Листопад® гладкий;Цвет:Осень;Толщина:80 мм";;8tmVb1i20kIgTOUZ807A;778328893331;0;0;0;0
465864266901;;;;"Старый город";"Старый город (Б.1.Фсм.6/8) Гранит Антрацит";"Комплект из 3х камней<br />260х160 мм / 160х160 мм / 160х100 мм<br />Толщина 60 мм или 80 мм";"При мощении территории плитами «Старый город» изменяется весь подход к благоустройству.<br /><br />Мы производим плиты «Старый город» рельефными, гладкими и в широкой цветовой гамме.<br /><br />Если вы обустраиваете современный объект, но не желаете отказываться от классических решений при создании ландшафта, тогда тротуарная плита «Старый город» станет наилучшим выбором.<br /><br />Комплект из 3х камней<br />260х160 мм / 160х160 мм / 160х100 мм<br /><ul><li>Толщина 60 мм или 80 мм</li><li>Класс бетона изделий по прочности на сжатие: В25</li><li>Марка бетона по морозостойкости F₂200</li><li>Водопоглощение не более 6%</li><li>Марка по истираемости G1</li></ul><br />Старый город 60 мм на паллете – 14,17 м2<br />Старый город 80 мм на паллете – 10,9 м2<br /><br /><strong>Стоимость указана за 1 кв.м. без учета доставки от завода производителя</strong>";https://static.tildacdn.com/tild6533-3631-4534-b633-646531323564/01.jpg;;;;;;nlRuCb4xGRKALjARrDMF;;0;0;0;0
169384915001;;;;;"Старый город (Б.1.Фсм.6/8) Гранит Антрацит - Листопад® гранит - Антрацит - 60 мм";;;https://static.tildacdn.com/tild6533-3631-4534-b633-646531323564/01.jpg;3400.00;;;"Коллекция:Листопад® гранит;Цвет:Антрацит;Толщина:60 мм";;5LtPjaau9MJ0zIsREkCs;465864266901;0;0;0;0
582448408601;;;;;"Старый город (Б.1.Фсм.6/8) Гранит Антрацит - Листопад® гранит - Антрацит - 80 мм";;;https://static.tildacdn.com/tild6533-3631-4534-b633-646531323564/01.jpg;3900.00;;;"Коллекция:Листопад® гранит;Цвет:Антрацит;Толщина:80 мм";;XexuuU2iTjK5KUs39J0F;465864266901;0;0;0;0
495843545721;;;;"Старый город";"Старый город (Б.1.Фсм.6/8) Гладкий Старый замок";"Комплект из 3х камней<br />260х160 мм / 160х160 мм / 160х100 мм<br />Толщина 60 мм или 80 мм";"При мощении территории плитами «Старый город» изменяется весь подход к благоустройству.<br /><br />Мы производим плиты «Старый город» рельефными, гладкими и в широкой цветовой гамме.<br /><br />Если вы обустраиваете современный объект, но не желаете отказываться от классических решений при создании ландшафта, тогда тротуарная плита «Старый город» станет наилучшим выбором.<br /><br />Комплект из 3х камней<br />260х160 мм / 160х160 мм / 160х100 мм<br />Толщина 60 мм или 80 мм<br />Класс бетона изделий по прочности на сжатие: В25<br />Марка бетона по морозостойкости F₂200<br />Водопоглощение не более 6%<br />Марка по истираемости G1<br /><br />Старый город 60 мм на паллете – 14,17 м2<br />Старый город 80 мм на паллете – 10,9 м2<br /><br /><strong>Стоимость указана за 1 кв.м. без учета доставки от завода производителя</strong>";https://static.tildacdn.com/stor3266-6535-4666-b133-343839626335/60256917.jpg;;;;;;ldDOkvooVm2FvJt6ST4j;;0;0;0;0
910661190581;;;;;"Старый город (Б.1.Фсм.6/8) Гладкий Старый замок - Листопад® гладкий - Старый замок - 60 мм";;;https://static.tildacdn.com/stor3266-6535-4666-b133-343839626335/60256917.jpg;2850.00;;;"Коллекция:Листопад® гладкий;Цвет:Старый замок;Толщина:60 мм";;HaoeI7uTLZYIXyAFzKzd;495843545721;0;0;0;0
893093096021;;;;;"Старый город (Б.1.Фсм.6/8) Гладкий Старый замок - Листопад® гладкий - Старый замок - 80 мм";;;https://static.tildacdn.com/stor3266-6535-4666-b133-343839626335/60256917.jpg;3200.00;;;"Коллекция:Листопад® гладкий;Цвет:Старый замок;Толщина:80 мм";;tbYIjgBGA7cv31V4u4ld;495843545721;0;0;0;0
785923755021;;;;"Старый город";"Старый город (Б.1.Фсм.6/8) Гладкий Клинкер";"Комплект из 3х камней<br />260х160 мм / 160х160 мм / 160х100 мм<br />Толщина 60 мм или 80 мм";"При мощении территории плитами «Старый город» изменяется весь подход к благоустройству.<br /><br />Мы производим плиты «Старый город» рельефными, гладкими и в широкой цветовой гамме.<br /><br />Если вы обустраиваете современный объект, но не желаете отказываться от классических решений при создании ландшафта, тогда тротуарная плита «Старый город» станет наилучшим выбором.<br /><br />Комплект из 3х камней<br />260х160 мм / 160х160 мм / 160х100 мм<br /><ul><li>Толщина 60 мм или 80 мм</li><li>Класс бетона изделий по прочности на сжатие: В25</li><li>Марка бетона по морозостойкости F₂200</li><li>Водопоглощение не более 6%</li><li>Марка по истираемости G1</li></ul><br />Старый город 60 мм на паллете – 14,17 м2<br />Старый город 80 мм на паллете – 10,9 м2<br /><br /><strong>Стоимость указана за 1 кв.м. без учета доставки от завода производителя</strong>";https://static.tildacdn.com/stor3130-6539-4231-a233-343032613037/86236825.jpg;;;;;;RrRyMIbvu5I5H8fvZDKO;;0;0;0;0
892246078101;;;;;"Старый город (Б.1.Фсм.6/8) Гладкий Клинкер - Листопад® гладкий - Клинкер - 60 мм";;;https://static.tildacdn.com/stor3130-6539-4231-a233-343032613037/86236825.jpg;2850.00;;;"Коллекция:Листопад® гладкий;Цвет:Клинкер;Толщина:60 мм";;0shX0efx731oN5Cb8XNS;785923755021;0;0;0;0
953072412691;;;;;"Старый город (Б.1.Фсм.6/8) Гладкий Клинкер - Листопад® гладкий - Клинкер - 80 мм";;;https://static.tildacdn.com/stor3130-6539-4231-a233-343032613037/86236825.jpg;3200.00;;;"Коллекция:Листопад® гладкий;Цвет:Клинкер;Толщина:80 мм";;rS6L3kzO3zCLa4mHJXgu;785923755021;0;0;0;0
125775284381;;;;"Старый город";"Старый город (Б.1.Фсм.6/8) Гранит Янтарь";"Комплект из 3х камней<br />260х160 мм / 160х160 мм / 160х100 мм<br />Толщина 60 мм или 80 мм";"При мощении территории плитами «Старый город» изменяется весь подход к благоустройству.<br /><br />Мы производим плиты «Старый город» рельефными, гладкими и в широкой цветовой гамме.<br /><br />Если вы обустраиваете современный объект, но не желаете отказываться от классических решений при создании ландшафта, тогда тротуарная плита «Старый город» станет наилучшим выбором.<br /><br />Комплект из 3х камней<br />260х160 мм / 160х160 мм / 160х100 мм<br /><ul><li>Толщина 60 мм или 80 мм</li><li>Класс бетона изделий по прочности на сжатие: В25</li><li>Марка бетона по морозостойкости F₂200</li><li>Водопоглощение не более 6%</li><li>Марка по истираемости G1</li></ul><br />Старый город 60 мм на паллете – 14,17 м2<br />Старый город 80 мм на паллете – 10,9 м2<br /><br /><strong>Стоимость указана за 1 кв.м. без учета доставки от завода производителя</strong>";https://static.tildacdn.com/tild3035-6330-4238-a333-373863373036/01.jpg;;;;;;UGDhV1pgtPUTUBcHGR2V;;0;0;0;0
797234761881;;;;;"Старый город (Б.1.Фсм.6/8) Гранит Янтарь - Листопад® гранит - Янтарь - 60 мм";;;https://static.tildacdn.com/tild3035-6330-4238-a333-373863373036/01.jpg;3400.00;;;"Коллекция:Листопад® гранит;Цвет:Янтарь;Толщина:60 мм";;hTVmOd29VhUDfUJ0kndh;125775284381;0;0;0;0
577946121081;;;;;"Старый город (Б.1.Фсм.6/8) Гранит Янтарь - Листопад® гранит - Янтарь - 80 мм";;;https://static.tildacdn.com/tild3035-6330-4238-a333-373863373036/01.jpg;3900.00;;;"Коллекция:Листопад® гранит;Цвет:Янтарь;Толщина:80 мм";;RhmpUDNbZIbjBsCYgZUS;125775284381;0;0;0;0
900566393531;;;;"Старый город";"Старый город (Б.1.Фсм.6/8) Гранит Клинкер";"Комплект из 3х камней<br />260х160 мм / 160х160 мм / 160х100 мм<br />Толщина 60 мм или 80 мм";"При мощении территории плитами «Старый город» изменяется весь подход к благоустройству.<br /><br />Мы производим плиты «Старый город» рельефными, гладкими и в широкой цветовой гамме.<br /><br />Если вы обустраиваете современный объект, но не желаете отказываться от классических решений при создании ландшафта, тогда тротуарная плита «Старый город» станет наилучшим выбором.<br /><br />Комплект из 3х камней<br />260х160 мм / 160х160 мм / 160х100 мм<br />Толщина 60 мм или 80 мм<br />Класс бетона изделий по прочности на сжатие: В25<br />Марка бетона по морозостойкости F₂200<br />Водопоглощение не более 6%<br />Марка по истираемости G1<br /><br />Старый город 60 мм на паллете – 14,17 м2<br />Старый город 80 мм на паллете – 10,9 м2<br /><br /><strong>Стоимость указана за 1 кв.м. без учета доставки от завода производителя</strong>";https://static.tildacdn.com/tild3864-6538-4636-b437-643230363761/01.jpg;;;;;;FAkpxK1ST30ric2cvAeN;;0;0;0;0
300179240281;;;;;"Старый город (Б.1.Фсм.6/8) Гранит Клинкер - Листопад® гранит - Клинкер - 60 мм";;;https://static.tildacdn.com/tild3864-6538-4636-b437-643230363761/01.jpg;3400.00;;;"Коллекция:Листопад® гранит;Цвет:Клинкер;Толщина:60 мм";;4y7UghKKknxYmFobr84d;900566393531;0;0;0;0
526967993041;;;;;"Старый город (Б.1.Фсм.6/8) Гранит Клинкер - Листопад® гранит - Клинкер - 80 мм";;;https://static.tildacdn.com/tild3864-6538-4636-b437-643230363761/01.jpg;3900.00;;;"Коллекция:Листопад® гранит;Цвет:Клинкер;Толщина:80 мм";;1L5B2nv1FpnlZNxcYaUX;900566393531;0;0;0;0
972790170001;;;;"Старый город";"Старый город (Б.1.Фсм.6/8) Гладкий Песчаник";"Комплект из 3х камней<br />260х160 мм / 160х160 мм / 160х100 мм<br />Толщина 60 мм или 80 мм";"При мощении территории плитами «Старый город» изменяется весь подход к благоустройству.<br /><br />Мы производим плиты «Старый город» рельефными, гладкими и в широкой цветовой гамме.<br /><br />Плитка ""Старый город"" цвета ""Песчаник"" - выполнена в цветовой гамме, приближенной к натуральному песчанику (белый, черный коричневый), обладает высокими эксплуатационными характеристиками. Наши клиенты часто выбирают именно эту фактуру благодаря ее практичности в уходе и естественному внешнему виду. <br /><br />Комплект из 3х камней<br />260х160 мм / 160х160 мм / 160х100 мм<br /><ul><li>Толщина 60 мм или 80 мм</li><li>Класс бетона изделий по прочности на сжатие: В25</li><li>Марка бетона по морозостойкости F₂200</li><li>Водопоглощение не более 6%</li><li>Марка по истираемости G1</li></ul><br />Старый город 60 мм на паллете – 14,17 м2<br />Старый город 80 мм на паллете – 10,9 м2<br /><br /><strong>Стоимость указана за 1 кв.м. без учета доставки от завода производителя</strong>";https://static.tildacdn.com/tild3038-6137-4535-a564-646339656530/01.jpg;;;;;;rJio08tJgNh9oxNaBkZ5;;0;0;0;0
399709495541;;;;;"Старый город (Б.1.Фсм.6/8) Гладкий Песчаник - Листопад® гранит - Песчаник - 60 мм";;;https://static.tildacdn.com/tild3038-6137-4535-a564-646339656530/01.jpg;2850.00;;;"Коллекция:Листопад® гранит;Цвет:Песчаник;Толщина:60 мм";;CyiOzCBY16t8dFsCebdi;972790170001;0;0;0;0
273905147251;;;;;"Старый город (Б.1.Фсм.6/8) Гладкий Песчаник - Листопад® гранит - Песчаник - 80 мм";;;https://static.tildacdn.com/tild3038-6137-4535-a564-646339656530/01.jpg;3200.00;;;"Коллекция:Листопад® гранит;Цвет:Песчаник;Толщина:80 мм";;Ds41Ncer7M23dppNvi6n;972790170001;0;0;0;0
414498715741;;;;"Старый город";"Старый город (Б.1.Фсм.6/8) Гладкий Антрацит";"Комплект из 3х камней<br />260х160 мм / 160х160 мм / 160х100 мм<br />Толщина 60 мм или 80 мм";"При мощении территории плитами «Старый город» изменяется весь подход к благоустройству.<br /><br />Мы производим плиты «Старый город» рельефными, гладкими и в широкой цветовой гамме.<br /><br />Если вы обустраиваете современный объект, но не желаете отказываться от классических решений при создании ландшафта, тогда тротуарная плита «Старый город» станет наилучшим выбором.<br /><br />Комплект из 3х камней<br />260х160 мм / 160х160 мм / 160х100 мм<br /><ul><li>Толщина 60 мм или 80 мм</li><li>Класс бетона изделий по прочности на сжатие: В25</li><li>Марка бетона по морозостойкости F₂200</li><li>Водопоглощение не более 6%</li><li>Марка по истираемости G1</li></ul><br />Старый город 60 мм на паллете – 14,17 м2<br />Старый город 80 мм на паллете – 10,9 м2<br /><br /><strong>Стоимость указана за 1 кв.м. без учета доставки от завода производителя</strong>";https://static.tildacdn.com/tild3666-6132-4838-a361-656533386261/01.jpg;;;;;;E5IUjMjIh6fmGsavR5tX;;0;0;0;0
310468947121;;;;;"Старый город (Б.1.Фсм.6/8) Гладкий Антрацит - Листопад® гладкий - Антрацит - 60 мм";;;https://static.tildacdn.com/tild3666-6132-4838-a361-656533386261/01.jpg;2850.00;;;"Коллекция:Листопад® гладкий;Цвет:Антрацит;Толщина:60 мм";;JFY4oxupKUL5pdvSDDp0;414498715741;0;0;0;0
230303081261;;;;;"Старый город (Б.1.Фсм.6/8) Гладкий Антрацит - Листопад® гладкий - Антрацит - 80 мм";;;https://static.tildacdn.com/tild3666-6132-4838-a361-656533386261/01.jpg;3200.00;;;"Коллекция:Листопад® гладкий;Цвет:Антрацит;Толщина:80 мм";;8sb7Nv9T9yKYnC6nlJXI;414498715741;0;0;0;0
378666157331;;;;"Старый город";"Старый город (Б.1.Фсм.6/8) Гранит Осень";"Комплект из 3х камней<br />260х160 мм / 160х160 мм / 160х100 мм<br />Толщина 60 мм или 80 мм";"При мощении территории плитами «Старый город» изменяется весь подход к благоустройству.<br /><br />Мы производим плиты «Старый город» рельефными, гладкими и в широкой цветовой гамме.<br /><br />Если вы обустраиваете современный объект, но не желаете отказываться от классических решений при создании ландшафта, тогда тротуарная плита «Старый город» станет наилучшим выбором.<br /><br />Комплект из 3х камней<br />260х160 мм / 160х160 мм / 160х100 мм<br /><ul><li>Толщина 60 мм или 80 мм</li><li>Класс бетона изделий по прочности на сжатие: В25</li><li>Марка бетона по морозостойкости F₂200</li><li>Водопоглощение не более 6%</li><li>Марка по истираемости G1</li></ul><br />Старый город 60 мм на паллете – 14,17 м2<br />Старый город 80 мм на паллете – 10,9 м2<br /><br /><strong>Стоимость указана за 1 кв.м. без учета доставки от завода производителя</strong>";https://static.tildacdn.com/stor3232-6639-4766-b630-383563323761/71213821.jpg;;;;;;GtkdjGsXrmhB0Di9ktpR;;0;0;0;0
601845799601;;;;;"Старый город (Б.1.Фсм.6/8) Гранит Осень - Листопад® гранит - Осень - 60 мм";;;;3400.00;;;"Коллекция:Листопад® гранит;Цвет:Осень;Толщина:60 мм";;ODl7mAt884SrFZclGLmH;378666157331;0;0;0;0
323648058321;;;;;"Старый город (Б.1.Фсм.6/8) Гранит Осень - Листопад® гранит - Осень - 80 мм";;;;3900.00;;;"Коллекция:Листопад® гранит;Цвет:Осень;Толщина:80 мм";;oz6Yf597mTXAEmPBj6bU;378666157331;0;0;0;0
516511014081;;;;"Старый город";"Старый город (Б.1.Фсм.6/8) Искусственный камень Базальт";"Комплект из 3х камней<br />260х160 мм / 160х160 мм / 160х100 мм<br />Толщина 60 мм или 80 мм";"При мощении территории плитами «Старый город» изменяется весь подход к благоустройству.<br /><br />Мы производим плиты «Старый город» рельефными, гладкими и в широкой цветовой гамме.<br /><br />Если вы обустраиваете современный объект, но не желаете отказываться от классических решений при создании ландшафта, тогда тротуарная плита «Старый город» станет наилучшим выбором.<br /><br />Комплект из 3х камней<br />260х160 мм / 160х160 мм / 160х100 мм<br /><ul><li>Толщина 60 мм или 80 мм</li><li>Класс бетона изделий по прочности на сжатие: В25</li><li>Марка бетона по морозостойкости F₂200</li><li>Водопоглощение не более 6%</li><li>Марка по истираемости G1</li></ul><br />Старый город 60 мм на паллете – 14,17 м2<br />Старый город 80 мм на паллете – 10,9 м2<br /><br /><strong>Стоимость указана за 1 кв.м. без учета доставки от завода производителя</strong>";https://static.tildacdn.com/stor6462-3461-4331-b062-396439386464/26036144.jpg;;;;;;DGBTRcaER8VXAPv8Vaad;;0;0;0;0
894823432671;;;;;"Старый город (Б.1.Фсм.6/8) Искусственный камень Базальт - Искусственный камень - Базальт - 60 мм";;;https://static.tildacdn.com/stor6462-3461-4331-b062-396439386464/26036144.jpg;3500.00;;;"Коллекция:Искусственный камень;Цвет:Базальт;Толщина:60 мм";;kuHLl0SvNBypp4cJIFXr;516511014081;0;0;0;0
876106085791;;;;;"Старый город (Б.1.Фсм.6/8) Искусственный камень Базальт - Искусственный камень - Базальт - 80 мм";;;https://static.tildacdn.com/stor6462-3461-4331-b062-396439386464/26036144.jpg;3850.00;;;"Коллекция:Искусственный камень;Цвет:Базальт;Толщина:80 мм";;tt7dH6zHmkxbOTRvjNv6;516511014081;0;0;0;0
554979276001;;;;"Старый город";"Старый город (Б.1.Фсм.6/8) Искусственный камень Степняк";"Комплект из 3х камней<br />260х160 мм / 160х160 мм / 160х100 мм<br />Толщина 60 мм или 80 мм";"При мощении территории плитами «Старый город» изменяется весь подход к благоустройству.<br /><br />Мы производим плиты «Старый город» рельефными, гладкими и в широкой цветовой гамме.<br /><br />Если вы обустраиваете современный объект, но не желаете отказываться от классических решений при создании ландшафта, тогда тротуарная плита «Старый город» станет наилучшим выбором.<br /><br />Комплект из 3х камней<br />260х160 мм / 160х160 мм / 160х100 мм<br /><ul><li>Толщина 60 мм или 80 мм</li><li>Класс бетона изделий по прочности на сжатие: В25</li><li>Марка бетона по морозостойкости F₂200</li><li>Водопоглощение не более 6%</li><li>Марка по истираемости G1</li></ul><br />Старый город 60 мм на паллете – 14,17 м2<br />Старый город 80 мм на паллете – 10,9 м2<br /><br /><strong>Стоимость указана за 1 кв.м. без учета доставки от завода производителя</strong>";https://static.tildacdn.com/stor3733-3738-4664-a230-653032363439/37812563.jpg;;;;;;jmxB51CFhIL4LNugHXva;;0;0;0;0
249978145221;;;;;"Старый город (Б.1.Фсм.6/8) Искусственный камень Степняк - Искусственный камень - Степняк - 60 мм";;;https://static.tildacdn.com/stor3733-3738-4664-a230-653032363439/37812563.jpg;3500.00;;;"Коллекция:Искусственный камень;Цвет:Степняк;Толщина:60 мм";;csiY2ugP7XLP8nEjOA0r;554979276001;0;0;0;0
216245518141;;;;;"Старый город (Б.1.Фсм.6/8) Искусственный камень Степняк - Искусственный камень - Степняк - 80 мм";;;https://static.tildacdn.com/stor3733-3738-4664-a230-653032363439/37812563.jpg;3850.00;;;"Коллекция:Искусственный камень;Цвет:Степняк;Толщина:80 мм";;ox3nyi52J2oFpJZUFpJ2;554979276001;0;0;0;0
683110927201;;;;"Старый город";"Старый город (Б.1.Фсм.6/8) Искусственный камень Доломит";"Комплект из 3х камней<br />260х160 мм / 160х160 мм / 160х100 мм<br />Толщина 60 мм или 80 мм";"При мощении территории плитами «Старый город» изменяется весь подход к благоустройству.<br /><br />Мы производим плиты «Старый город» рельефными, гладкими и в широкой цветовой гамме.<br /><br />Если вы обустраиваете современный объект, но не желаете отказываться от классических решений при создании ландшафта, тогда тротуарная плита «Старый город» станет наилучшим выбором.<br /><br />Комплект из 3х камней<br />260х160 мм / 160х160 мм / 160х100 мм<br /><ul><li>Толщина 60 мм или 80 мм</li><li>Класс бетона изделий по прочности на сжатие: В25</li><li>Марка бетона по морозостойкости F₂200</li><li>Водопоглощение не более 6%</li><li>Марка по истираемости G1</li></ul><br />Старый город 60 мм на паллете – 14,17 м2<br />Старый город 80 мм на паллете – 10,9 м2<br /><br /><strong>Стоимость указана за 1 кв.м. без учета доставки от завода производителя</strong>";https://static.tildacdn.com/stor3163-6265-4365-a436-336563636261/80274782.jpg;;;;;;sEbFoOmYmmILKueiPF4S;;0;0;0;0
148289497551;;;;;"Старый город (Б.1.Фсм.6/8) Искусственный камень Доломит - Искусственный камень - Доломит - 60 мм";;;https://static.tildacdn.com/stor3163-6265-4365-a436-336563636261/80274782.jpg;3500.00;;;"Коллекция:Искусственный камень;Цвет:Доломит;Толщина:60 мм";;S3dA6G9nKyP2IgeFHN7F;683110927201;0;0;0;0
314166133371;;;;;"Старый город (Б.1.Фсм.6/8) Искусственный камень Доломит - Искусственный камень - Доломит - 80 мм";;;https://static.tildacdn.com/stor3163-6265-4365-a436-336563636261/80274782.jpg;3850.00;;;"Коллекция:Искусственный камень;Цвет:Доломит;Толщина:80 мм";;bHSee1aNxvfRNvRm4e2U;683110927201;0;0;0;0
944726332931;;;;"Старый город";"Старый город (Б.1.Фсм.6/8) Искусственный камень Шунгит";"Комплект из 3х камней<br />260х160 мм / 160х160 мм / 160х100 мм<br />Толщина 60 мм или 80 мм";"При мощении территории плитами «Старый город» изменяется весь подход к благоустройству.<br /><br />Мы производим плиты «Старый город» рельефными, гладкими и в широкой цветовой гамме.<br /><br />Если вы обустраиваете современный объект, но не желаете отказываться от классических решений при создании ландшафта, тогда тротуарная плита «Старый город» станет наилучшим выбором.<br /><br />Комплект из 3х камней<br />260х160 мм / 160х160 мм / 160х100 мм<br /><ul><li>Толщина 60 мм или 80 мм</li><li>Класс бетона изделий по прочности на сжатие: В25</li><li>Марка бетона по морозостойкости F₂200</li><li>Водопоглощение не более 6%</li><li>Марка по истираемости G1</li></ul><br />Старый город 60 мм на паллете – 14,17 м2<br />Старый город 80 мм на паллете – 10,9 м2<br /><br /><strong>Стоимость указана за 1 кв.м. без учета доставки от завода производителя</strong>";https://static.tildacdn.com/stor3932-3837-4264-b062-396637383839/13801735.jpg;;;;;;OxKTcofcZIBAIBUVTgiE;;0;0;0;0
607398703911;;;;;"Старый город (Б.1.Фсм.6/8) Искусственный камень Шунгит - Искусственный камень - Шунгит - 60 мм";;;https://static.tildacdn.com/stor3932-3837-4264-b062-396637383839/13801735.jpg;3500.00;;;"Коллекция:Искусственный камень;Цвет:Шунгит;Толщина:60 мм";;gNbakJv9hLDGYmYrYRLj;944726332931;0;0;0;0
609168901721;;;;;"Старый город (Б.1.Фсм.6/8) Искусственный камень Шунгит - Искусственный камень - Шунгит - 80 мм";;;https://static.tildacdn.com/stor3932-3837-4264-b062-396637383839/13801735.jpg;3850.00;;;"Коллекция:Искусственный камень;Цвет:Шунгит;Толщина:80 мм";;RjfaJiblOzsPLsGf9x8s;944726332931;0;0;0;0
429169715841;;;;"Старый город";"Старый город (Б.1.Фсм.6/8) Стоунмикс Белый";"Комплект из 3х камней<br />260х160 мм / 160х160 мм / 160х100 мм<br />Толщина 60 мм или 80 мм";"При мощении территории плитами «Старый город» изменяется весь подход к благоустройству.<br /><br />Мы производим плиты «Старый город» рельефными, гладкими и в широкой цветовой гамме.<br /><br />Если вы обустраиваете современный объект, но не желаете отказываться от классических решений при создании ландшафта, тогда тротуарная плита «Старый город» станет наилучшим выбором.<br /><br />Комплект из 3х камней<br />260х160 мм / 160х160 мм / 160х100 мм<br /><ul><li>Толщина 60 мм или 80 мм</li><li>Класс бетона изделий по прочности на сжатие: В25</li><li>Марка бетона по морозостойкости F₂200</li><li>Водопоглощение не более 6%</li><li>Марка по истираемости G1</li></ul><br />Старый город 60 мм на паллете – 14,17 м2<br />Старый город 80 мм на паллете – 10,9 м2<br /><br /><strong>Стоимость указана за 1 кв.м. без учета доставки от завода производителя</strong>";https://static.tildacdn.com/stor3538-6265-4531-b330-303632323738/68109486.jpg;;;;;;b4TIYpv540gH4M7UID9G;;0;0;0;0
107231858791;;;;;"Старый город (Б.1.Фсм.6/8) Стоунмикс Белый - Стоунмикс - Белый - 60 мм";;;https://static.tildacdn.com/stor3538-6265-4531-b330-303632323738/68109486.jpg;3700.00;;;"Коллекция:Стоунмикс;Цвет:Белый;Толщина:60 мм";;CzjlRt5roi7ZvIK1UsJ7;429169715841;0;0;0;0
869945522161;;;;;"Старый город (Б.1.Фсм.6/8) Стоунмикс Белый - Стоунмикс - Белый - 80 мм";;;https://static.tildacdn.com/stor3538-6265-4531-b330-303632323738/68109486.jpg;4700.00;;;"Коллекция:Стоунмикс;Цвет:Белый;Толщина:80 мм";;ldvtV1PU4x0E9UAnDE9c;429169715841;0;0;0;0
610350685121;;;;"Старый город";"Старый город (Б.1.Фсм.6/8) Стоунмикс Черный";"Комплект из 3х камней<br />260х160 мм / 160х160 мм / 160х100 мм<br />Толщина 60 мм или 80 мм";"При мощении территории плитами «Старый город» изменяется весь подход к благоустройству.<br /><br />Мы производим плиты «Старый город» рельефными, гладкими и в широкой цветовой гамме.<br /><br />Если вы обустраиваете современный объект, но не желаете отказываться от классических решений при создании ландшафта, тогда тротуарная плита «Старый город» станет наилучшим выбором.<br /><br />Комплект из 3х камней<br />260х160 мм / 160х160 мм / 160х100 мм<br />Толщина 60 мм или 80 мм<br />Класс бетона изделий по прочности на сжатие: В25<br />Марка бетона по морозостойкости F₂200<br />Водопоглощение не более 6%<br />Марка по истираемости G1<br /><br />Старый город 60 мм на паллете – 14,17 м2<br />Старый город 80 мм на паллете – 10,9 м2<br /><br /><strong>Стоимость указана за 1 кв.м. без учета доставки от завода производителя</strong>";https://static.tildacdn.com/stor6166-6365-4362-a330-363835343436/87629418.jpg;;;;;;T53PhVsIHs03iLgKUkBd;;0;0;0;0
463406616651;;;;;"Старый город (Б.1.Фсм.6/8) Стоунмикс Черный - Стоунмикс - Чёрный - 60 мм";;;https://static.tildacdn.com/stor6166-6365-4362-a330-363835343436/87629418.jpg;3700.00;;;"Коллекция:Стоунмикс;Цвет:Чёрный;Толщина:60 мм";;KkF5kkySU2EeBc0lDXJP;610350685121;0;0;0;0
265865440191;;;;;"Старый город (Б.1.Фсм.6/8) Стоунмикс Черный - Стоунмикс - Чёрный - 80 мм";;;https://static.tildacdn.com/stor6166-6365-4362-a330-363835343436/87629418.jpg;4700.00;;;"Коллекция:Стоунмикс;Цвет:Чёрный;Толщина:80 мм";;e8lCiiXndZUl1Zv1g31F;610350685121;0;0;0;0
454022086061;;;;"Старый город";"Старый город (Б.1.Фсм.6/8) Стоунмикс Бело-Черный";"Комплект из 3х камней<br />260х160 мм / 160х160 мм / 160х100 мм<br />Толщина 60 мм или 80 мм";"При мощении территории плитами «Старый город» изменяется весь подход к благоустройству.<br /><br />Мы производим плиты «Старый город» рельефными, гладкими и в широкой цветовой гамме.<br /><br />Если вы обустраиваете современный объект, но не желаете отказываться от классических решений при создании ландшафта, тогда тротуарная плита «Старый город» станет наилучшим выбором.<br /><br />Комплект из 3х камней<br />260х160 мм / 160х160 мм / 160х100 мм<br /><ul><li>Толщина 60 мм или 80 мм</li><li>Класс бетона изделий по прочности на сжатие: В25</li><li>Марка бетона по морозостойкости F₂200</li><li>Водопоглощение не более 6%</li><li>Марка по истираемости G1</li></ul><br />Старый город 60 мм на паллете – 14,17 м2<br />Старый город 80 мм на паллете – 10,9 м2<br /><br /><strong>Стоимость указана за 1 кв.м. без учета доставки от завода производителя</strong>";https://static.tildacdn.com/stor6138-6662-4332-b265-613535633366/72261670.jpg;;;;;;enrKa4ZIN4H4XV1Aem6r;;0;0;0;0
164507110271;;;;;"Старый город (Б.1.Фсм.6/8) Стоунмикс Бело-Черный - Стоунмикс - Бело-черный - 60 мм";;;https://static.tildacdn.com/stor6138-6662-4332-b265-613535633366/72261670.jpg;3700.00;;;"Коллекция:Стоунмикс;Цвет:Бело-черный;Толщина:60 мм";;A3DhYUXuVUuxbzu9LXGR;454022086061;0;0;0;0
946145765071;;;;;"Старый город (Б.1.Фсм.6/8) Стоунмикс Бело-Черный - Стоунмикс - Бело-черный - 80 мм";;;https://static.tildacdn.com/stor6138-6662-4332-b265-613535633366/72261670.jpg;4700.00;;;"Коллекция:Стоунмикс;Цвет:Бело-черный;Толщина:80 мм";;cz1F6sJiz7KodlZ0pY4V;454022086061;0;0;0;0
504740004891;;;;;"Старый город Б.1.Фсм.8 стандарт серый";;"При мощении территории плитами «Старый город» изменяется весь подход к благоустройству.<br /><br />Мы производим плиты «Старый город» рельефными, гладкими и в широкой цветовой гамме.<br /><br />Если вы обустраиваете современный объект, но не желаете отказываться от классических решений при создании ландшафта, тогда тротуарная плита «Старый город» станет наилучшим выбором.<br /><br />Комплект из 3х камней<br /><br />260х160 мм / 160х160 мм / 160х100 мм<br /><br />Толщина 60 мм или 80 мм<br /><br />Класс бетона изделий по прочности на сжатие: B22,5; В25<br /><br />Марка бетона по морозостойкости F₂200<br /><br />Водопоглощение не более 6%<br /><br />Марка по истираемости G1<br /><br />Стоимость указана за 1 кв.м. без учета доставки от завода производителя";https://static.tildacdn.com/tild6263-3266-4662-b539-663961333639/2021-03-11_16-53-48.png;;;;;;c47ZAJ5oUk9AnJApCvJ3;;0;0;0;0
366597738771;;;;;"Старый город Б.1.Фсм.8 стандарт серый - Стандарт - Серый";;;https://static.tildacdn.com/tild6263-3266-4662-b539-663961333639/2021-03-11_16-53-48.png;899.00;;;"Коллекция:Стандарт;Цвет:Серый";;d8kUdeR9J0648tMlr4ef;504740004891;0;0;0;0
964273636711;;;;"Антик - Б.3.А.6";"Антик (Б.3.А.6) Стандарт Серый";"Комплект из 5 плит:<br />73х53х91 мм, 83х63х91 мм, 93х73х91 мм, 103х83х91 мм, 113х93х91 мм.<br />Толщина 60 мм.";"«Антик» - одна из самый необычных форм, производимых нашей компанией. Фигурные элементы имеют оригинальную трапециевидную форму и волнистый край. Они представлены в комплекте из пяти камней различной величины:<br /><br />73х53х91 мм, 83х63х91 мм, 93х73х91 мм, 103х83х91 мм, 113х93х91 мм.<br /><br /><ul><li>Толщина 60 мм.</li><li>Класс бетона изделий по прочности на сжатие: В25</li><li>Марка бетона по морозостойкости F₂200</li><li>Водопоглощение не более 6</li><li>Марка по истираемости G1</li></ul><br />На паллете – 11,28 м2<br /><br /><strong>Стоимость указана за 1 кв.м. без учета доставки от завода производителя</strong>";https://static.tildacdn.com/tild6663-3861-4331-a563-353030323464/2021-03-11_17-24-55.png;;;;;;fPyDS3TeBV2bZsCYR7aM;;0;0;0;0
984850446471;;;;;"Антик (Б.3.А.6) Стандарт Серый - Стандарт - Серый";;;https://static.tildacdn.com/tild6663-3861-4331-a563-353030323464/2021-03-11_17-24-55.png;1800.00;;;"Коллекция:Стандарт;Цвет:Серый";;IS9hF7KA4gB26TiERU6g;964273636711;0;0;0;0
892292679551;;;;"Антик - Б.3.А.6";"Антик (Б.3.А.6) Стандарт Черный";"Комплект из 5 плит:<br />73х53х91 мм, 83х63х91 мм, 93х73х91 мм, 103х83х91 мм, 113х93х91 мм.";"«Антик» - одна из самый необычных форм, производимых нашей компанией. Фигурные элементы имеют оригинальную трапециевидную форму и волнистый край. Они представлены в комплекте из пяти камней различной величины:<br /><br />73х53х91 мм, 83х63х91 мм, 93х73х91 мм, 103х83х91 мм, 113х93х91 мм.<br /><br /><ul><li>Толщина 60 мм.</li><li>Класс бетона изделий по прочности на сжатие: В25</li><li>Марка бетона по морозостойкости F₂200</li><li>Водопоглощение не более 6</li><li>Марка по истираемости G1</li></ul><br />На паллете – 11,28 м2<br /><br /><strong>Стоимость указана за 1 кв.м. без учета доставки от завода производителя</strong>";https://static.tildacdn.com/tild3961-6334-4231-b362-393337646434/2021-03-11_17-31-47.png;;;;;;p9FEvNhxt3UfOnHZGB7y;;0;0;0;0
930015461571;;;;;"Антик (Б.3.А.6) Стандарт Черный - Стандарт - Чёрный";;;https://static.tildacdn.com/tild3961-6334-4231-b362-393337646434/2021-03-11_17-31-47.png;2200.00;;;"Коллекция:Стандарт;Цвет:Чёрный";;GrvXdi3hYOPmM6L0t9I6;892292679551;0;0;0;0
613306146431;;;;"Антик - Б.3.А.6";"Антик (Б.3.А.6) Стандарт Коричневый";"Комплект из 5 плит:<br />73х53х91 мм, 83х63х91 мм, 93х73х91 мм, 103х83х91 мм, 113х93х91 мм.";"«Антик» - одна из самый необычных форм, производимых нашей компанией. Фигурные элементы имеют оригинальную трапециевидную форму и волнистый край. Они представлены в комплекте из пяти камней различной величины:<br /><br />73х53х91 мм, 83х63х91 мм, 93х73х91 мм, 103х83х91 мм, 113х93х91 мм.<br /><br /><ul><li>Толщина 60 мм.</li><li>Класс бетона изделий по прочности на сжатие: В25</li><li>Марка бетона по морозостойкости F₂200</li><li>Водопоглощение не более 6</li><li>Марка по истираемости G1</li></ul><br />На паллете – 11,28 м2<br /><br /><strong>Стоимость указана за 1 кв.м. без учета доставки от завода производителя</strong>";https://static.tildacdn.com/tild3961-3831-4863-a463-323533363766/2021-03-11_17-30-31.png;;;;;;CBFSSFVSoy2K99CIik6b;;0;0;0;0
173083360231;;;;;"Антик (Б.3.А.6) Стандарт Коричневый - Стандарт - Коричневый";;;https://static.tildacdn.com/tild3961-3831-4863-a463-323533363766/2021-03-11_17-30-31.png;2200.00;;;"Коллекция:Стандарт;Цвет:Коричневый";;xdlmEC1hTUPr11CRrPyd;613306146431;0;0;0;0
340888139291;;;;"Антик - Б.3.А.6";"Антик (Б.3.А.6) Стандарт Красный";"Комплект из 5 плит:<br />73х53х91 мм, 83х63х91 мм, 93х73х91 мм, 103х83х91 мм, 113х93х91 мм.";"«Антик» - одна из самый необычных форм, производимых нашей компанией. Фигурные элементы имеют оригинальную трапециевидную форму и волнистый край. Они представлены в комплекте из пяти камней различной величины:<br /><br />73х53х91 мм, 83х63х91 мм, 93х73х91 мм, 103х83х91 мм, 113х93х91 мм.<br /><br /><ul><li>Толщина 60 мм.</li><li>Класс бетона изделий по прочности на сжатие: В25</li><li>Марка бетона по морозостойкости F₂200</li><li>Водопоглощение не более 6</li><li>Марка по истираемости G1</li></ul><br />На паллете – 11,28 м2<br /><br /><strong>Стоимость указана за 1 кв.м. без учета доставки от завода производителя</strong>";https://static.tildacdn.com/tild3164-3830-4534-b566-303239663734/2021-03-11_17-29-01.png;;;;;;KJCtXREBEeyrY3OVlUzx;;0;0;0;0
231664764011;;;;;"Антик (Б.3.А.6) Стандарт Красный - Стандарт - Красный";;;https://static.tildacdn.com/tild3164-3830-4534-b566-303239663734/2021-03-11_17-29-01.png;2200.00;;;"Коллекция:Стандарт;Цвет:Красный";;X40gnM9cUSmk7icYYh02;340888139291;0;0;0;0
194236600851;;;;"Антик - Б.3.А.6";"Антик (Б.3.А.6) Стандарт Белый";"Комплект из 5 плит:<br />73х53х91 мм, 83х63х91 мм, 93х73х91 мм, 103х83х91 мм, 113х93х91 мм.<br />Толщина 60 мм.";"«Антик» - одна из самый необычных форм, производимых нашей компанией. Фигурные элементы имеют оригинальную трапециевидную форму и волнистый край. Они представлены в комплекте из пяти камней различной величины:<br /><br />73х53х91 мм, 83х63х91 мм, 93х73х91 мм, 103х83х91 мм, 113х93х91 мм.<br /><br /><ul><li>Толщина 60 мм.</li><li>Класс бетона изделий по прочности на сжатие: В25</li><li>Марка бетона по морозостойкости F₂200</li><li>Водопоглощение не более 6</li><li>Марка по истираемости G1</li></ul><br />На паллете – 11,28 м2<br /><br /><strong>Стоимость указана за 1 кв.м. без учета доставки от завода производителя</strong>";https://static.tildacdn.com/tild6236-3964-4930-a636-366463316636/2021-03-11_17-27-45.png;;;;;;rMnnkd9B93P1dx61tjhc;;0;0;0;0
456457321241;;;;;"Антик (Б.3.А.6) Стандарт Белый - Стандарт - Белый";;;https://static.tildacdn.com/tild6236-3964-4930-a636-366463316636/2021-03-11_17-27-45.png;2250.00;;;"Коллекция:Стандарт;Цвет:Белый";;YHjRoFYDynxEuX6XKmxb;194236600851;0;0;0;0
970319624301;;;;"Антик - Б.3.А.6";"Антик (Б.3.А.6) Гладкий Янтарь";"Комплект из 5 плит:<br />73х53х91 мм, 83х63х91 мм, 93х73х91 мм, 103х83х91 мм, 113х93х91 мм.";"«Антик» - одна из самый необычных форм, производимых нашей компанией. Фигурные элементы имеют оригинальную трапециевидную форму и волнистый край. Они представлены в комплекте из пяти камней различной величины:<br /><br />73х53х91 мм, 83х63х91 мм, 93х73х91 мм, 103х83х91 мм, 113х93х91 мм.<br /><br /><ul><li>Толщина 60 мм.</li><li>Класс бетона изделий по прочности на сжатие: В25</li><li>Марка бетона по морозостойкости F₂200</li><li>Водопоглощение не более 6</li><li>Марка по истираемости G1</li></ul><br />На паллете – 11,28 м2<br /><br /><strong>Стоимость указана за 1 кв.м. без учета доставки от завода производителя</strong>";https://static.tildacdn.com/tild3632-3832-4532-b037-336361613264/01.jpg;;;;;;nV8E8k3Jsm0ZpeKe3FVg;;0;0;0;0
763854116201;;;;;"Антик (Б.3.А.6) Гладкий Янтарь - Листопад® гладкий - Янтарь";;;https://static.tildacdn.com/tild3632-3832-4532-b037-336361613264/01.jpg;2850.00;;;"Коллекция:Листопад® гладкий;Цвет:Янтарь";;sj70k6vrZROpCh3R0gBE;970319624301;0;0;0;0
141267699511;;;;"Антик - Б.3.А.6";"Антик (Б.3.А.6) Гладкий Хаски";"Комплект из 5 плит:<br />73х53х91 мм, 83х63х91 мм, 93х73х91 мм, 103х83х91 мм, 113х93х91 мм.";"«Антик» - одна из самый необычных форм, производимых нашей компанией. Фигурные элементы имеют оригинальную трапециевидную форму и волнистый край. Они представлены в комплекте из пяти камней различной величины:<br /><br />73х53х91 мм, 83х63х91 мм, 93х73х91 мм, 103х83х91 мм, 113х93х91 мм.<br /><br /><ul><li>Толщина 60 мм.</li><li>Класс бетона изделий по прочности на сжатие: В25</li><li>Марка бетона по морозостойкости F₂200</li><li>Водопоглощение не более 6</li><li>Марка по истираемости G1</li></ul><br />На паллете – 11,28 м2<br /><br /><strong>Стоимость указана за 1 кв.м. без учета доставки от завода производителя</strong>";https://static.tildacdn.com/stor3165-3735-4662-b936-303562643934/53237954.jpg;;;;;;uhfDt75FkAXf09sOucTh;;0;0;0;0
331083528101;;;;;"Антик (Б.3.А.6) Гладкий Хаски - Листопад гладкий - Хаски";;;https://static.tildacdn.com/stor3165-3735-4662-b936-303562643934/53237954.jpg;2850.00;;;"Коллекция:Листопад гладкий;Цвет:Хаски";;mCrKyNc4pGuGxIhoG107;141267699511;0;0;0;0
803037897591;;;;"Антик - Б.3.А.6";"Антик (Б.3.А.6) Гладкий Осень";"Комплект из 5 плит:<br />73х53х91 мм, 83х63х91 мм, 93х73х91 мм, 103х83х91 мм, 113х93х91 мм.";"«Антик» - одна из самый необычных форм, производимых нашей компанией. Фигурные элементы имеют оригинальную трапециевидную форму и волнистый край. Они представлены в комплекте из пяти камней различной величины:<br /><br />73х53х91 мм, 83х63х91 мм, 93х73х91 мм, 103х83х91 мм, 113х93х91 мм.<br /><br /><ul><li>Толщина 60 мм.</li><li>Класс бетона изделий по прочности на сжатие: В25</li><li>Марка бетона по морозостойкости F₂200</li><li>Водопоглощение не более 6</li><li>Марка по истираемости G1</li></ul><br />На паллете – 11,28 м2<br /><br /><strong>Стоимость указана за 1 кв.м. без учета доставки от завода производителя</strong>";https://static.tildacdn.com/tild6637-3462-4437-a233-326233653133/01.jpg;;;;;;EZj2ULr77aaMGZLrIudR;;0;0;0;0
295095998041;;;;;"Антик (Б.3.А.6) Гладкий Осень - Листопад® гладкий - Осень";;;https://static.tildacdn.com/tild6637-3462-4437-a233-326233653133/01.jpg;2850.00;;;"Коллекция:Листопад® гладкий;Цвет:Осень";;zetbGy8x3LJT2gKtLaHl;803037897591;0;0;0;0
426256007691;;;;"Антик - Б.3.А.6";"Антик (Б.3.А.6) Гладкий Антрацит";"Комплект из 5 плит:<br />73х53х91 мм, 83х63х91 мм, 93х73х91 мм, 103х83х91 мм, 113х93х91 мм.";"«Антик» - одна из самый необычных форм, производимых нашей компанией. Фигурные элементы имеют оригинальную трапециевидную форму и волнистый край. Они представлены в комплекте из пяти камней различной величины:<br /><br />73х53х91 мм, 83х63х91 мм, 93х73х91 мм, 103х83х91 мм, 113х93х91 мм.<br /><br /><ul><li>Толщина 60 мм.</li><li>Класс бетона изделий по прочности на сжатие: В25</li><li>Марка бетона по морозостойкости F₂200</li><li>Водопоглощение не более 6</li><li>Марка по истираемости G1</li></ul><br />На паллете – 11,28 м2<br /><br /><strong>Стоимость указана за 1 кв.м. без учета доставки от завода производителя</strong>";https://static.tildacdn.com/tild3139-6236-4566-b830-393164653932/photo.jpeg;;;;;;kB5zPMSiSGtecOUAST8Y;;0;0;0;0
219011514141;;;;;"Антик (Б.3.А.6) Гладкий Антрацит - Листопад® гладкий - Антрацит";;;https://static.tildacdn.com/tild3139-6236-4566-b830-393164653932/photo.jpeg;2850.00;;;"Коллекция:Листопад® гладкий;Цвет:Антрацит";;FHoATx351LEBRAmlD6SC;426256007691;0;0;0;0
775673116511;;;;"Антик - Б.3.А.6";"Антик (Б.3.А.6) Гладкий Старый замок";"Комплект из 5 плит:<br />73х53х91 мм, 83х63х91 мм, 93х73х91 мм, 103х83х91 мм, 113х93х91 мм.";"«Антик» - одна из самый необычных форм, производимых нашей компанией. Фигурные элементы имеют оригинальную трапециевидную форму и волнистый край. Они представлены в комплекте из пяти камней различной величины:<br /><br />73х53х91 мм, 83х63х91 мм, 93х73х91 мм, 103х83х91 мм, 113х93х91 мм.<br /><br /><ul><li>Толщина 60 мм.</li><li>Класс бетона изделий по прочности на сжатие: В25</li><li>Марка бетона по морозостойкости F₂200</li><li>Водопоглощение не более 6</li><li>Марка по истираемости G1</li></ul><br />На паллете – 11,28 м2<br /><br /><strong>Стоимость указана за 1 кв.м. без учета доставки от завода производителя</strong>";https://static.tildacdn.com/tild3233-6635-4631-b039-636532653865/2021-03-11_17-36-39.png;;;;;;fneIfcdAHNrluXfy6ra1;;0;0;0;0
973844097111;;;;;"Антик (Б.3.А.6) Гладкий Старый замок - Листопад® гладкий - Старый замок";;;https://static.tildacdn.com/tild3233-6635-4631-b039-636532653865/2021-03-11_17-36-39.png;2850.00;;;"Коллекция:Листопад® гладкий;Цвет:Старый замок";;guoTFSta9iHEb3v6H9AT;775673116511;0;0;0;0
998165926891;;;;"Антик - Б.3.А.6";"Антик (Б.3.А.6) Гладкий Клинкер";"Комплект из 5 плит:<br />73х53х91 мм, 83х63х91 мм, 93х73х91 мм, 103х83х91 мм, 113х93х91 мм.";"«Антик» - одна из самый необычных форм, производимых нашей компанией. Фигурные элементы имеют оригинальную трапециевидную форму и волнистый край. Они представлены в комплекте из пяти камней различной величины:<br /><br />73х53х91 мм, 83х63х91 мм, 93х73х91 мм, 103х83х91 мм, 113х93х91 мм.<br /><br /><ul><li>Толщина 60 мм.</li><li>Класс бетона изделий по прочности на сжатие: В25</li><li>Марка бетона по морозостойкости F₂200</li><li>Водопоглощение не более 6</li><li>Марка по истираемости G1</li></ul><br />На паллете – 11,28 м2<br /><br /><strong>Стоимость указана за 1 кв.м. без учета доставки от завода производителя</strong>";https://static.tildacdn.com/tild6662-3964-4537-b462-313434373633/01.jpg;;;;;;xsmzJGzgCgaXAy8XleVE;;0;0;0;0
722760954991;;;;;"Антик (Б.3.А.6) Гладкий Клинкер - Листопад® гладкий - Клинкер";;;https://static.tildacdn.com/tild6662-3964-4537-b462-313434373633/01.jpg;2850.00;;;"Коллекция:Листопад® гладкий;Цвет:Клинкер";;io14SgjZk9odhKP9z8cz;998165926891;0;0;0;0
543855701391;;;;"Антик - Б.3.А.6";"Антик Листопад Гранит Хаски";"Комплект из 5 плит:<br />73х53х91 мм, 83х63х91 мм, 93х73х91 мм, 103х83х91 мм, 113х93х91 мм.";"«Антик» - одна из самый необычных форм, производимых нашей компанией. Фигурные элементы имеют оригинальную трапециевидную форму и волнистый край. Они представлены в комплекте из пяти камней различной величины:<br /><br />73х53х91 мм, 83х63х91 мм, 93х73х91 мм, 103х83х91 мм, 113х93х91 мм.<br /><br /> <ul> <li> Толщина 60 мм. </li> <li> Класс бетона изделий по прочности на сжатие: B22,5; В25 </li> <li> Марка бетона по морозостойкости F₂200 </li> <li> Водопоглощение не более 6 </li> <li> Марка по истираемости G1 </li> </ul><br /><strong>Стоимость указана за 1 кв.м. без учета доставки от завода производителя</strong>";https://static.tildacdn.com/stor6662-3566-4866-a462-373962373633/52331213.jpg;;;;;;gBPXjrsu8s44r5nCJxLz;;0;0;0;0
272784023211;;;;;"Антик Листопад Гранит Хаски - Листопад® гранит - Хаски";;;https://static.tildacdn.com/stor6662-3566-4866-a462-373962373633/52331213.jpg;3400.00;;;"Коллекция:Листопад® гранит;Цвет:Хаски";;uUX32M2MzOMMViT6Dfu5;543855701391;0;0;0;0
756530426951;;;;"Антик - Б.3.А.6";"Антик Искусственный камень Шунгит";"Комплект из 5 плит:<br />73х53х91 мм, 83х63х91 мм, 93х73х91 мм, 103х83х91 мм, 113х93х91 мм.";"«Антик» - одна из самый необычных форм, производимых нашей компанией. Фигурные элементы имеют оригинальную трапециевидную форму и волнистый край. Они представлены в комплекте из пяти камней различной величины:<br /><br />73х53х91 мм, 83х63х91 мм, 93х73х91 мм, 103х83х91 мм, 113х93х91 мм.<br /><br /> <ul> <li> Толщина 60 мм. </li> <li> Класс бетона изделий по прочности на сжатие: B22,5; В25 </li> <li> Марка бетона по морозостойкости F₂200 </li> <li> Водопоглощение не более 6 </li> <li> Марка по истираемости G1 </li> </ul><br /><strong>Стоимость указана за 1 кв.м. без учета доставки от завода производителя</strong>";https://static.tildacdn.com/stor3062-3862-4334-b636-613965346633/94819139.jpg;;;;;;XybiG1pug2KP8FO0jhts;;0;0;0;0
769086685411;;;;;"Антик Искусственный камень Шунгит - Искусственный камень - Шунгит";;;https://static.tildacdn.com/stor3062-3862-4334-b636-613965346633/94819139.jpg;3500.00;;;"Коллекция:Искусственный камень;Цвет:Шунгит";;Ys0XMMa8O948gYxjIedJ;756530426951;0;0;0;0
747455053551;;;;"Антик - Б.3.А.6";"Антик (Б.3.А.6) Стоунмикс белый";"Комплект из 5 плит:<br />73х53х91 мм, 83х63х91 мм, 93х73х91 мм, 103х83х91 мм, 113х93х91 мм.";"«Антик» - одна из самый необычных форм, производимых нашей компанией. Фигурные элементы имеют оригинальную трапециевидную форму и волнистый край. Они представлены в комплекте из пяти камней различной величины:<br /><br />73х53х91 мм, 83х63х91 мм, 93х73х91 мм, 103х83х91 мм, 113х93х91 мм.<br /><br /><ul><li>Толщина 60 мм.</li><li>Класс бетона изделий по прочности на сжатие: В25</li><li>Марка бетона по морозостойкости F₂200</li><li>Водопоглощение не более 6</li><li>Марка по истираемости G1</li></ul><br />На паллете – 11,28 м2<br /><br /><strong>Стоимость указана за 1 кв.м. без учета доставки от завода производителя</strong>";https://static.tildacdn.com/tild3865-6430-4261-b232-343434626463/01_2.jpg;;;;;;3RNEGy9dIp8E67a0KFzX;;0;0;0;0
500406107411;;;;;"Антик (Б.3.А.6) Стоунмикс белый - Стоунмикс - Белый";;;https://static.tildacdn.com/tild3865-6430-4261-b232-343434626463/01_2.jpg;3700.00;;;"Коллекция:Стоунмикс;Цвет:Белый";;YDMeAIreS2TjuohdUGxh;747455053551;0;0;0;0
561364103091;;;;"Антик - Б.3.А.6";"Антик (Б.3.А.6) Стоунмикс Черный";"Комплект из 5 плит:<br />73х53х91 мм, 83х63х91 мм, 93х73х91 мм, 103х83х91 мм, 113х93х91 мм.";"«Антик» - одна из самый необычных форм, производимых нашей компанией. Фигурные элементы имеют оригинальную трапециевидную форму и волнистый край. Они представлены в комплекте из пяти камней различной величины:<br /><br />73х53х91 мм, 83х63х91 мм, 93х73х91 мм, 103х83х91 мм, 113х93х91 мм.<br /><br /><ul><li>Толщина 60 мм.</li><li>Класс бетона изделий по прочности на сжатие: В25</li><li>Марка бетона по морозостойкости F₂200</li><li>Водопоглощение не более 6</li><li>Марка по истираемости G1</li></ul><br />На паллете – 11,28 м2<br /><br /><strong>Стоимость указана за 1 кв.м. без учета доставки от завода производителя</strong>";https://static.tildacdn.com/tild6330-6135-4136-b766-383633373434/012.jpg;;;;;;5Urks5UCl0E9GzNKfbuF;;0;0;0;0
944820779611;;;;;"Антик (Б.3.А.6) Стоунмикс Черный - Стоунмикс - Чёрный";;;https://static.tildacdn.com/tild6330-6135-4136-b766-383633373434/012.jpg;3700.00;;;"Коллекция:Стоунмикс;Цвет:Чёрный";;4JNZiGPPveSOYzOVkB3a;561364103091;0;0;0;0
419618718341;;;;"Антик - Б.3.А.6";"Антик (Б.3.А.6) Стоунмикс Бело-Черный";"Комплект из 5 плит:<br />73х53х91 мм, 83х63х91 мм, 93х73х91 мм, 103х83х91 мм, 113х93х91 мм.";"«Антик» - одна из самый необычных форм, производимых нашей компанией. Фигурные элементы имеют оригинальную трапециевидную форму и волнистый край. Они представлены в комплекте из пяти камней различной величины:<br /><br />73х53х91 мм, 83х63х91 мм, 93х73х91 мм, 103х83х91 мм, 113х93х91 мм.<br /><br /><ul><li>Толщина 60 мм.</li><li>Класс бетона изделий по прочности на сжатие: В25</li><li>Марка бетона по морозостойкости F₂200</li><li>Водопоглощение не более 6</li><li>Марка по истираемости G1</li></ul><br />На паллете – 11,28 м2<br /><br /><strong>Стоимость указана за 1 кв.м. без учета доставки от завода производителя</strong>";https://static.tildacdn.com/tild3365-6232-4634-b161-653939303939/012.jpg;;;;;;KxV4kOJnkLYJFbiUaN2b;;0;0;0;0
729879972721;;;;;"Антик (Б.3.А.6) Стоунмикс Бело-Черный - Стоунмикс - Бело-черный";;;https://static.tildacdn.com/tild3365-6232-4634-b161-653939303939/012.jpg;3700.00;;;"Коллекция:Стоунмикс;Цвет:Бело-черный";;1dP1lXzaryDc0mAt3TfG;419618718341;0;0;0;0
823251605741;;;;"Антара - Б.1.АН.6";"Антара (Б.1.АН.6) Искусственный камень Базальт";"Комплект из 6 камней: 300х200 мм, 300х250 мм, 300х300 мм, 400х300 мм, 450х300 мм, 500х300 мм<br />Толщина 60 мм.";"«Антара» - это тротуарные плиты с уникальным рисунком для каждого элемента.<br />Оттенки натурального камня идеально подойдут для устройства садово-парковых и пешеходных дорожек, внутренних дворов частных домовладений и других территорий.<br /><br />Комплект состоит из 6 камней: 300х200, 300х250, 300х300, 400х300, 450х300, 500х300.<br /><br /><ul><li>Толщина 60 мм.</li><li>Класс бетона изделий по прочности на сжатие: В25</li><li>Марка бетона по морозостойкости F₂200</li><li>Водопоглощение не более 6%</li><li>Марка по истираемости G1</li></ul><br />На паллете – 14,3 м2<br /><br /><strong>Стоимость указана за 1 кв.м. без учета доставки от завода производителя.</strong>";https://static.tildacdn.com/tild6363-6235-4738-b963-653639333834/01.jpg;;;;;;KOSvOPc2oj1S1jAskZ0I;;0;0;0;0
679494100431;;;;;"Антара (Б.1.АН.6) Искусственный камень Базальт - Искусственный камень - Базальт";;;https://static.tildacdn.com/tild6363-6235-4738-b963-653639333834/01.jpg;3500.00;;;"Коллекция:Искусственный камень;Цвет:Базальт";;bugoRMatyX75sTEveML4;823251605741;0;0;0;0
547906914601;;;;"Антара - Б.1.АН.6";"Антара (Б.1.АН.6) Искусственный камень Степняк";"Комплект из 6 камней: 300х200 мм, 300х250 мм, 300х300 мм, 400х300 мм, 450х300 мм, 500х300 мм.<br />Толщина 60 мм.<br />";"«Антара» - это тротуарные плиты с уникальным рисунком для каждого элемента.<br />Оттенки натурального камня идеально подойдут для устройства садово-парковых и пешеходных дорожек, внутренних дворов частных домовладений и других территорий.<br /><br />Комплект состоит из 6 камней: 300х200, 300х250, 300х300, 400х300, 450х300, 500х300.<br /><br /><ul><li>Толщина 60 мм.</li><li>Класс бетона изделий по прочности на сжатие: В25</li><li>Марка бетона по морозостойкости F₂200</li><li>Водопоглощение не более 6%</li><li>Марка по истираемости G1</li></ul><br />На паллете – 14,3 м2<br /><br /><strong>Стоимость указана за 1 кв.м. без учета доставки от завода производителя.</strong>";https://static.tildacdn.com/tild3966-3137-4738-b963-326137353661/01.jpg;;;;;;NI5FSv2nNXbVK1j2p2Jb;;0;0;0;0
476190861071;;;;;"Антара (Б.1.АН.6) Искусственный камень Степняк - Искусственный камень - Степняк";;;https://static.tildacdn.com/tild3966-3137-4738-b963-326137353661/01.jpg;3500.00;;;"Коллекция:Искусственный камень;Цвет:Степняк";;v4a0YmBnJiDJlBhvNzF6;547906914601;0;0;0;0
750178580931;;;;"Антара - Б.1.АН.6";"Антара (Б.1.АН.6) Искусственный камень Доломит";"Комплект из 6 камней: 300х200 мм, 300х250 мм, 300х300 мм, 400х300 мм, 450х300 мм, 500х300 мм.<br />Толщина 60 мм.<br />";"«Антара» - это тротуарные плиты с уникальным рисунком для каждого элемента.<br />Оттенки натурального камня идеально подойдут для устройства садово-парковых и пешеходных дорожек, внутренних дворов частных домовладений и других территорий.<br /><br />Комплект состоит из 6 камней: 300х200, 300х250, 300х300, 400х300, 450х300, 500х300.<br /><br /><ul><li>Толщина 60 мм.</li><li>Класс бетона изделий по прочности на сжатие: В25</li><li>Марка бетона по морозостойкости F₂200</li><li>Водопоглощение не более 6%</li><li>Марка по истираемости G1</li></ul><br />На паллете – 14,3 м2<br /><br /><strong>Стоимость указана за 1 кв.м. без учета доставки от завода производителя.</strong>";https://static.tildacdn.com/tild3437-6336-4534-b438-343232393833/01.jpg;;;;;;0oLpz01penBho2oHV2e0;;0;0;0;0
687682983181;;;;;"Антара (Б.1.АН.6) Искусственный камень Доломит - Искусственный камень - Доломит";;;https://static.tildacdn.com/tild3437-6336-4534-b438-343232393833/01.jpg;3500.00;;;"Коллекция:Искусственный камень;Цвет:Доломит";;kXE3i1rPPzPga2HBE6Ap;750178580931;0;0;0;0
187437789501;;;;"Антара - Б.1.АН.6";"Антара (Б.1.АН.6) Искусственный камень Шунгит";"Комплект из 6 камней: 300х200 мм, 300х250 мм, 300х300 мм, 400х300 мм, 450х300 мм, 500х300 мм.<br />Толщина 60 мм.<br />";"«Антара» - это тротуарные плиты с уникальным рисунком для каждого элемента.<br />Оттенки натурального камня идеально подойдут для устройства садово-парковых и пешеходных дорожек, внутренних дворов частных домовладений и других территорий.<br /><br />Комплект состоит из 6 камней: 300х200, 300х250, 300х300, 400х300, 450х300, 500х300.<br /><br /><ul><li>Толщина 60 мм.</li><li>Класс бетона изделий по прочности на сжатие: В25</li><li>Марка бетона по морозостойкости F₂200</li><li>Водопоглощение не более 6%</li><li>Марка по истираемости G1</li></ul><br />На паллете – 14,3 м2<br /><br /><strong>Стоимость указана за 1 кв.м. без учета доставки от завода производителя.</strong>";https://static.tildacdn.com/tild6130-3236-4537-b135-356338623734/01.jpg;;;;;;M2iRFOzlehKhAdXjMDyb;;0;0;0;0
777480318661;;;;;"Антара (Б.1.АН.6) Искусственный камень Шунгит - Искусственный камень - Шунгит";;;https://static.tildacdn.com/tild6130-3236-4537-b135-356338623734/01.jpg;3500.00;;;"Коллекция:Искусственный камень;Цвет:Шунгит";;YbhPjpiMaux2Yj2tTAff;187437789501;0;0;0;0
364823841111;;;;"Паркет - Б.4.П.6";"Паркет (Б.4.П.6) Стандарт Серый";"Размер плитки 180х60 мм<br />Толщина 60 мм.<br />";"Классический паркет актуален во все времена. Созданный в средневековой Европе как способ напольного покрытия жилых помещений, паркет обретает новую жизнь, воплотившись в современной тротуарной плитке.<br /><br />Размер 180х60 мм<br /><br /><ul><li>Толщина 60 мм</li><li>Класс бетона изделий по прочности на сжатие: В25</li><li>Марка бетона по морозостойкости F₂200</li><li>Водопоглощение не более 6%</li><li>Марка по истираемости G1</li></ul><br />На паллете – 11,64 м2<br /><br /><strong>Стоимость указана за 1 кв.м. без учета доставки от завода производителя</strong>";https://static.tildacdn.com/stor3435-3332-4832-b331-636364666638/44403680.jpg;;;;;;nBounnxPL6PvzjZBPAKu;;0;0;0;0
524719802191;;;;;"Паркет (Б.4.П.6) Стандарт Серый - Стандарт - Серый";;;https://static.tildacdn.com/stor3435-3332-4832-b331-636364666638/44403680.jpg;1550.00;;;"Коллекция:Стандарт;Цвет:Серый";;O6O7pmlDJD0cMpHjTtDA;364823841111;0;0;0;0
922062567331;;;;"Паркет - Б.4.П.6";"Паркет (Б.4.П.6) Стандарт Черный";"Размер плитки 180х60 мм<br />Толщина 60 мм.<br />";"Классический паркет актуален во все времена. Созданный в средневековой Европе как способ напольного покрытия жилых помещений, паркет обретает новую жизнь, воплотившись в современной тротуарной плитке.<br /><br />Размер 180х60 мм<br /><br /><ul><li>Толщина 60 мм</li><li>Класс бетона изделий по прочности на сжатие: В25</li><li>Марка бетона по морозостойкости F₂200</li><li>Водопоглощение не более 6%</li><li>Марка по истираемости G1</li></ul><br />На паллете – 11,64 м2<br /><br /><strong>Стоимость указана за 1 кв.м. без учета доставки от завода производителя</strong>";https://static.tildacdn.com/stor3463-6632-4932-b630-333630343537/65887399.jpg;;;;;;iv368f0FsI45x97np3kC;;0;0;0;0
928877221291;;;;;"Паркет (Б.4.П.6) Стандарт Черный - Стандарт - Чёрный";;;https://static.tildacdn.com/stor3463-6632-4932-b630-333630343537/65887399.jpg;1950.00;;;"Коллекция:Стандарт;Цвет:Чёрный";;ejsNbcajLnrjgjdolb1E;922062567331;0;0;0;0
612417815731;;;;"Паркет - Б.4.П.6";"Паркет (Б.4.П.6) Стандарт Коричневый";"Размер плитки 180х60 мм<br />Толщина 60 мм.<br />";"Классический паркет актуален во все времена. Созданный в средневековой Европе как способ напольного покрытия жилых помещений, паркет обретает новую жизнь, воплотившись в современной тротуарной плитке.<br /><br />Размер 180х60 мм<br /><br /><ul><li>Толщина 60 мм</li><li>Класс бетона изделий по прочности на сжатие: В25</li><li>Марка бетона по морозостойкости F₂200</li><li>Водопоглощение не более 6%</li><li>Марка по истираемости G1</li></ul><br />На паллете – 11,64 м2<br /><br /><strong>Стоимость указана за 1 кв.м. без учета доставки от завода производителя</strong>";https://static.tildacdn.com/stor3963-6662-4466-b363-336138633831/77135495.jpg;;;;;;REEVMkGA2vMCset5Ptpb;;0;0;0;0
787085119071;;;;;"Паркет (Б.4.П.6) Стандарт Коричневый - Стандарт - Коричневый";;;https://static.tildacdn.com/tild3935-3131-4139-a434-333133623330/2021-03-11_18-23-57.png;1950.00;;;"Коллекция:Стандарт;Цвет:Коричневый";;TKtu4BZhBMn5b3NpE4St;612417815731;0;0;0;0
994235725331;;;;"Паркет - Б.4.П.6";"Паркет (Б.4.П.6) Стандарт Красный";"Размер плитки 180х60 мм<br />Толщина 60 мм.<br />";"Классический паркет актуален во все времена. Созданный в средневековой Европе как способ напольного покрытия жилых помещений, паркет обретает новую жизнь, воплотившись в современной тротуарной плитке.<br /><br />Размер 180х60 мм<br /><br /><ul><li>Толщина 60 мм</li><li>Класс бетона изделий по прочности на сжатие: В25</li><li>Марка бетона по морозостойкости F₂200</li><li>Водопоглощение не более 6%</li><li>Марка по истираемости G1</li></ul><br />На паллете – 11,64 м2<br /><br /><strong>Стоимость указана за 1 кв.м. без учета доставки от завода производителя</strong>";https://static.tildacdn.com/stor3034-3862-4465-b139-383465323731/61553974.jpg;;;;;;pmUIlf75li2f2txu3fGJ;;0;0;0;0
874653370621;;;;;"Паркет (Б.4.П.6) Стандарт Красный - Стандарт - Красный";;;https://static.tildacdn.com/stor3034-3862-4465-b139-383465323731/61553974.jpg;1950.00;;;"Коллекция:Стандарт;Цвет:Красный";;hfs46R5gpfj2PPCobsn0;994235725331;0;0;0;0
915451007081;;;;"Паркет - Б.4.П.6";"Паркет (Б.4.П.6) Стандарт Белый";"Размер плитки 180х60 мм<br />Толщина 60 мм.<br />";"Классический паркет актуален во все времена. Созданный в средневековой Европе как способ напольного покрытия жилых помещений, паркет обретает новую жизнь, воплотившись в современной тротуарной плитке.<br /><br />Размер 180х60 мм<br /><br /><ul><li>Толщина 60 мм</li><li>Класс бетона изделий по прочности на сжатие: В25</li><li>Марка бетона по морозостойкости F₂200</li><li>Водопоглощение не более 6%</li><li>Марка по истираемости G1</li></ul><br />На паллете – 11,64 м2<br /><br /><strong>Стоимость указана за 1 кв.м. без учета доставки от завода производителя</strong>";https://static.tildacdn.com/stor3431-3539-4733-b039-363234656232/49704895.jpg;;;;;;vEYi7abP6DziDMdaft6M;;0;0;0;0
297710249851;;;;;"Паркет (Б.4.П.6) Стандарт Белый - Стандарт - Белый";;;https://static.tildacdn.com/stor3431-3539-4733-b039-363234656232/49704895.jpg;2000.00;;;"Коллекция:Стандарт;Цвет:Белый";;3a6zTYoteHJ2U5nMM5jc;915451007081;0;0;0;0
235256213721;;;;"Паркет - Б.4.П.6";"Паркет (Б.4.П.6) Гладкий Янтарь";"Размер плитки 180х60 мм<br />Толщина 60 мм.<br />";"Классический паркет актуален во все времена. Созданный в средневековой Европе как способ напольного покрытия жилых помещений, паркет обретает новую жизнь, воплотившись в современной тротуарной плитке.<br /><br />Размер 180х60 мм<br /><br /><ul><li>Толщина 60 мм</li><li>Класс бетона изделий по прочности на сжатие: В25</li><li>Марка бетона по морозостойкости F₂200</li><li>Водопоглощение не более 6%</li><li>Марка по истираемости G1</li></ul><br />На паллете – 11,64 м2<br /><br /><strong>Стоимость указана за 1 кв.м. без учета доставки от завода производителя</strong>";https://static.tildacdn.com/tild3562-6239-4133-a534-333635303832/01.jpg;;;;;;x7eVYJV8ia0Sf5GTFjJm;;0;0;0;0
434460305641;;;;;"Паркет (Б.4.П.6) Гладкий Янтарь - Листопад® гладкий - Янтарь";;;https://static.tildacdn.com/tild3562-6239-4133-a534-333635303832/01.jpg;2850.00;;;"Коллекция:Листопад® гладкий;Цвет:Янтарь";;36cgi9fiODKtkAKl8LlP;235256213721;0;0;0;0
498825353591;;;;"Паркет - Б.4.П.6";"Паркет (Б.4.П.6) Гладкий Хаски";"Размер плитки 180х60 мм<br />Толщина 60 мм.<br />";"Классический паркет актуален во все времена. Созданный в средневековой Европе как способ напольного покрытия жилых помещений, паркет обретает новую жизнь, воплотившись в современной тротуарной плитке.<br /><br />Размер 180х60 мм<br /><br /><ul><li>Толщина 60 мм</li><li>Класс бетона изделий по прочности на сжатие: В25</li><li>Марка бетона по морозостойкости F₂200</li><li>Водопоглощение не более 6%</li><li>Марка по истираемости G1</li></ul><br />На паллете – 11,64 м2<br /><br /><strong>Стоимость указана за 1 кв.м. без учета доставки от завода производителя</strong>";https://static.tildacdn.com/tild6535-3833-4139-b330-333436323735/01.jpg;;;;;;PpJJNUya78YCF9AXCYIn;;0;0;0;0
832235728721;;;;;"Паркет (Б.4.П.6) Гладкий Хаски - Листопад® гладкий - Хаски";;;https://static.tildacdn.com/tild6535-3833-4139-b330-333436323735/01.jpg;2850.00;;;"Коллекция:Листопад® гладкий;Цвет:Хаски";;dPG6nmYZ32TGKXHmpcNj;498825353591;0;0;0;0
192920054461;;;;"Паркет - Б.4.П.6";"Паркет (Б.4.П.6) Гладкий Осень";"Размер плитки 180х60 мм<br />Толщина 60 мм.<br />";"Классический паркет актуален во все времена. Созданный в средневековой Европе как способ напольного покрытия жилых помещений, паркет обретает новую жизнь, воплотившись в современной тротуарной плитке.<br /><br />Размер 180х60 мм<br /><br /><ul><li>Толщина 60 мм</li><li>Класс бетона изделий по прочности на сжатие: В25</li><li>Марка бетона по морозостойкости F₂200</li><li>Водопоглощение не более 6%</li><li>Марка по истираемости G1</li></ul><br />На паллете – 11,64 м2<br /><br /><strong>Стоимость указана за 1 кв.м. без учета доставки от завода производителя</strong>";https://static.tildacdn.com/tild6663-3665-4631-b063-303437653466/01.jpg;;;;;;F19txyPOYin0f3yYm211;;0;0;0;0
918117857331;;;;;"Паркет (Б.4.П.6) Гладкий Осень - Листопад® гладкий - Осень";;;https://static.tildacdn.com/tild6663-3665-4631-b063-303437653466/01.jpg;2850.00;;;"Коллекция:Листопад® гладкий;Цвет:Осень";;bJNzOYFSxtlxr2cm5lFN;192920054461;0;0;0;0
822234917211;;;;"Паркет - Б.4.П.6";"Паркет (Б.4.П.6) Гладкий Антрацит";"Размер плитки 180х60 мм<br />Толщина 60 мм.<br />";"Классический паркет актуален во все времена. Созданный в средневековой Европе как способ напольного покрытия жилых помещений, паркет обретает новую жизнь, воплотившись в современной тротуарной плитке.<br /><br />Размер 180х60 мм<br /><br /><ul><li>Толщина 60 мм</li><li>Класс бетона изделий по прочности на сжатие: В25</li><li>Марка бетона по морозостойкости F₂200</li><li>Водопоглощение не более 6%</li><li>Марка по истираемости G1</li></ul><br />На паллете – 11,64 м2<br /><br /><strong>Стоимость указана за 1 кв.м. без учета доставки от завода производителя</strong>";https://static.tildacdn.com/stor3639-3530-4038-b530-356431313739/85352048.jpg;;;;;;ITsDSjhcAKky5Dd6vFkz;;0;0;0;0
415188605931;;;;;"Паркет (Б.4.П.6) Гладкий Антрацит - Листопад® гладкий - Антрацит";;;https://static.tildacdn.com/stor3639-3530-4038-b530-356431313739/85352048.jpg;2850.00;;;"Коллекция:Листопад® гладкий;Цвет:Антрацит";;h5cLzu0cHJnbCNoTVfk3;822234917211;0;0;0;0
262465347921;;;;"Паркет - Б.4.П.6";"Паркет (Б.4.П.6) Гладкий Старый замок";"Размер плитки 180х60 мм<br />Толщина 60 мм.<br />";"Классический паркет актуален во все времена. Созданный в средневековой Европе как способ напольного покрытия жилых помещений, паркет обретает новую жизнь, воплотившись в современной тротуарной плитке.<br /><br />Размер 180х60 мм<br /><br /><ul><li>Толщина 60 мм</li><li>Класс бетона изделий по прочности на сжатие: В25</li><li>Марка бетона по морозостойкости F₂200</li><li>Водопоглощение не более 6%</li><li>Марка по истираемости G1</li></ul><br />На паллете – 11,64 м2<br /><br /><strong>Стоимость указана за 1 кв.м. без учета доставки от завода производителя</strong>";https://static.tildacdn.com/stor3265-3665-4737-b531-346530633335/66085813.jpg;;;;;;5c0KgOM9vFXeFvnbg1D2;;0;0;0;0
276869458661;;;;;"Паркет (Б.4.П.6) Гладкий Старый замок - Листопад® гладкий - Старый замок";;;https://static.tildacdn.com/stor3265-3665-4737-b531-346530633335/66085813.jpg;2850.00;;;"Коллекция:Листопад® гладкий;Цвет:Старый замок";;9m91270Tj3VYZL2n3LCT;262465347921;0;0;0;0
534436559411;;;;"Паркет - Б.4.П.6";"Паркет (Б.4.П.6) Гладкий Клинкер";"Размер плитки 180х60 мм<br />Толщина 60 мм.<br />";"Классический паркет актуален во все времена. Созданный в средневековой Европе как способ напольного покрытия жилых помещений, паркет обретает новую жизнь, воплотившись в современной тротуарной плитке.<br /><br />Размер 180х60 мм<br /><br /><ul><li>Толщина 60 мм</li><li>Класс бетона изделий по прочности на сжатие: В25</li><li>Марка бетона по морозостойкости F₂200</li><li>Водопоглощение не более 6%</li><li>Марка по истираемости G1</li></ul><br />На паллете – 11,64 м2<br /><br /><strong>Стоимость указана за 1 кв.м. без учета доставки от завода производителя</strong>";https://static.tildacdn.com/tild3536-6437-4466-b264-666137323430/01.jpg;;;;;;N3XPnZ636M3d5xEjFzev;;0;0;0;0
137451424181;;;;;"Паркет (Б.4.П.6) Гладкий Клинкер - Листопад® гладкий - Клинкер";;;https://static.tildacdn.com/tild3536-6437-4466-b264-666137323430/01.jpg;2850.00;;;"Коллекция:Листопад® гладкий;Цвет:Клинкер";;RYeDjcaGnf6rMgBUfTEN;534436559411;0;0;0;0
909539656301;;;;"Паркет - Б.4.П.6";"Паркет (Б.4.П.6) Гранит Старый замок";"Размер плитки 180х60 мм<br />Толщина 60 мм.<br />";"Классический паркет актуален во все времена. Созданный в средневековой Европе как способ напольного покрытия жилых помещений, паркет обретает новую жизнь, воплотившись в современной тротуарной плитке.<br /><br />Размер 180х60 мм<br /><br /><ul><li>Толщина 60 мм</li><li>Класс бетона изделий по прочности на сжатие: В25</li><li>Марка бетона по морозостойкости F₂200</li><li>Водопоглощение не более 6%</li><li>Марка по истираемости G1</li></ul><br />На паллете – 11,64 м2<br /><br /><strong>Стоимость указана за 1 кв.м. без учета доставки от завода производителя</strong>";https://static.tildacdn.com/tild6230-3831-4533-a537-303763616133/01.jpg;;;;;;rCLYkhDmxathx2CFTCjc;;0;0;0;0
292698500831;;;;;"Паркет (Б.4.П.6) Гранит Старый замок - Листопад® гранит - Старый замок";;;https://static.tildacdn.com/tild6230-3831-4533-a537-303763616133/01.jpg;3400.00;;;"Коллекция:Листопад® гранит;Цвет:Старый замок";;ZlbkcOrZHVMjkUgm8Arz;909539656301;0;0;0;0
891081235351;;;;"Паркет - Б.4.П.6";"Паркет (Б.4.П.6) Искусственный камень Базальт";"Размер плитки 180х60 мм<br />Толщина 60 мм.<br />";"Классический паркет актуален во все времена. Созданный в средневековой Европе как способ напольного покрытия жилых помещений, паркет обретает новую жизнь, воплотившись в современной тротуарной плитке.<br /><br />Размер 180х60 мм<br /><br /><ul><li>Толщина 60 мм</li><li>Класс бетона изделий по прочности на сжатие: В25</li><li>Марка бетона по морозостойкости F₂200</li><li>Водопоглощение не более 6%</li><li>Марка по истираемости G1</li></ul><br />На паллете – 11,64 м2<br /><br /><strong>Стоимость указана за 1 кв.м. без учета доставки от завода производителя</strong>";https://static.tildacdn.com/stor3938-3032-4836-b039-366463396635/50718498.jpg;;;;;;C1p8jBbni5hCSPn0ViR9;;0;0;0;0
358673298491;;;;;"Паркет (Б.4.П.6) Искусственный камень Базальт - Искусственный камень - Базальт";;;https://static.tildacdn.com/stor3938-3032-4836-b039-366463396635/50718498.jpg;3500.00;;;"Коллекция:Искусственный камень;Цвет:Базальт";;apgBCDIirLha9o4cIezy;891081235351;0;0;0;0
253366401791;;;;"Паркет - Б.4.П.6";"Паркет (Б.4.П.6) Искусственный камень Доломит";"Размер плитки 180х60 мм<br />Толщина 60 мм.<br />";"Классический паркет актуален во все времена. Созданный в средневековой Европе как способ напольного покрытия жилых помещений, паркет обретает новую жизнь, воплотившись в современной тротуарной плитке.<br /><br />Размер 180х60 мм<br /><br /><ul><li>Толщина 60 мм</li><li>Класс бетона изделий по прочности на сжатие: В25</li><li>Марка бетона по морозостойкости F₂200</li><li>Водопоглощение не более 6%</li><li>Марка по истираемости G1</li></ul><br />На паллете – 11,64 м2<br /><br /><strong>Стоимость указана за 1 кв.м. без учета доставки от завода производителя</strong>";https://static.tildacdn.com/stor6134-6266-4830-b931-366264383533/81822806.jpg;;;;;;DAGmxnBs5pnGMiVzf0di;;0;0;0;0
886241863501;;;;;"Паркет (Б.4.П.6) Искусственный камень Доломит - Искусственный камень - Доломит";;;https://static.tildacdn.com/stor6134-6266-4830-b931-366264383533/81822806.jpg;3500.00;;;"Коллекция:Искусственный камень;Цвет:Доломит";;n9ykKRYYfdrdxohFyfVi;253366401791;0;0;0;0
796786934121;;;;"Паркет - Б.4.П.6";"Паркет (Б.4.П.6) Искусственный камень Степняк";"Размер плитки 180х60 мм<br />Толщина 60 мм.<br />";"Классический паркет актуален во все времена. Созданный в средневековой Европе как способ напольного покрытия жилых помещений, паркет обретает новую жизнь, воплотившись в современной тротуарной плитке.<br /><br />Размер 180х60 мм<br /><br /><ul><li>Толщина 60 мм</li><li>Класс бетона изделий по прочности на сжатие: В25</li><li>Марка бетона по морозостойкости F₂200</li><li>Водопоглощение не более 6%</li><li>Марка по истираемости G1</li></ul><br />На паллете – 11,64 м2<br /><br /><strong>Стоимость указана за 1 кв.м. без учета доставки от завода производителя</strong>";https://static.tildacdn.com/stor6139-6265-4239-b135-346163323166/38322349.jpg;;;;;;0n8mV6OeOToZhJ5Z8vri;;0;0;0;0
498369265631;;;;;"Паркет (Б.4.П.6) Искусственный камень Степняк - Искусственный камень - Степняк";;;https://static.tildacdn.com/stor6139-6265-4239-b135-346163323166/38322349.jpg;3500.00;;;"Коллекция:Искусственный камень;Цвет:Степняк";;LOixac6Et1jc9UBxuVtb;796786934121;0;0;0;0
165414882691;;;;"Паркет - Б.4.П.6";"Паркет (Б.4.П.6) Искусственный камень Шунгит";"Размер плитки 180х60 мм<br />Толщина 60 мм.<br />";"Классический паркет актуален во все времена. Созданный в средневековой Европе как способ напольного покрытия жилых помещений, паркет обретает новую жизнь, воплотившись в современной тротуарной плитке.<br /><br />Размер 180х60 мм<br /><br /><ul><li>Толщина 60 мм</li><li>Класс бетона изделий по прочности на сжатие: В25</li><li>Марка бетона по морозостойкости F₂200</li><li>Водопоглощение не более 6%</li><li>Марка по истираемости G1</li></ul><br />На паллете – 11,64 м2<br /><br /><strong>Стоимость указана за 1 кв.м. без учета доставки от завода производителя</strong>";https://static.tildacdn.com/stor3463-3330-4637-b132-326362613866/32620084.jpg;;;;;;p9jnDUoGP5OXpRIltGp0;;0;0;0;0
388724022571;;;;;"Паркет (Б.4.П.6) Искусственный камень Шунгит - Искусственный камень - Шунгит";;;https://static.tildacdn.com/stor3463-3330-4637-b132-326362613866/32620084.jpg;3500.00;;;"Коллекция:Искусственный камень;Цвет:Шунгит";;9hMJOkuHxkVcAlJ1R8FO;165414882691;0;0;0;0
747305612751;;;;Брусчатка;"Брусчатка (Б.2.П.6/8) Стандарт Серая";"Размер плитки 200x100 мм<br />Толщина 60 или 80 мм<br />";"Брусчатка - Б.2.П.6 / Б.2.П.8 <br /><br />Классическая тротуарная плитка в форме «Кирпич» представлена у нас в огромном спектре различных цветов. <br /><br />Размер 200x100 мм <br />Толщина 60 или 80 мм <br /><ul><li data-list=""bullet"">ГОСТ 17608-2017</li><li data-list=""bullet"">Класс бетона изделий по прочности на сжатие: В25</li><li data-list=""bullet"">Марка бетона по морозостойкости F₂200</li><li data-list=""bullet"">Водопоглощение не более 6%</li><li data-list=""bullet"">Марка по истираемости G1</li></ul>Мы гарантируем точность соблюдения технологии производства и как следствие, высокое качество продукции. <br /><br />Брусчатка 60 мм на паллете – 12 м2<br />Брусчатка 80 мм на паллете – 10 м2 <br /><br /><strong>Стоимость указана за 1 кв.м. без учета доставки от завода производителя </strong>";https://static.tildacdn.com/stor6364-6463-4465-a130-613366326531/8c8a25fa4094277944306aeda43d4167.jpg;;;;;;IxCen5fyTcMGPKalgZJp;;0;0;0;0
816560206981;;;;;"Брусчатка (Б.2.П.6/8) Стандарт Серая - Стандарт - Серый - 60 мм";;;https://static.tildacdn.com/stor6364-6463-4465-a130-613366326531/8c8a25fa4094277944306aeda43d4167.jpg;1350.00;;;"Коллекция:Стандарт;Цвет:Серый;Толщина:60 мм";;XVJkp3D3g7JufcUoz6Mj;747305612751;0;0;0;0
510542178361;;;;;"Брусчатка (Б.2.П.6/8) Стандарт Серая - Стандарт - Серый - 80 мм";;;https://static.tildacdn.com/stor6364-6463-4465-a130-613366326531/8c8a25fa4094277944306aeda43d4167.jpg;1550.00;;;"Коллекция:Стандарт;Цвет:Серый;Толщина:80 мм";;Lj7rHp4Uu4KNAn3Cubnp;747305612751;0;0;0;0
231912949571;;;;Брусчатка;"Брусчатка (Б.2.П.6/8) Стандарт Черная";"Размер плитки 200x100 мм<br />Толщина 60 или 80 мм";"Брусчатка - Б.2.П.6 / Б.2.П.8<br /><br />Классическая тротуарная плитка в форме «Кирпич» представлена у нас в огромном спектре различных цветов.<br /><br />Размер 200x100 мм<br />Толщина 60 или 80 мм<br /><ul><li data-list=""bullet"">ГОСТ 17608-2017</li><li data-list=""bullet"">Класс бетона изделий по прочности на сжатие: В25</li><li data-list=""bullet"">Марка бетона по морозостойкости F₂200</li><li data-list=""bullet"">Водопоглощение не более 6%</li><li data-list=""bullet"">Марка по истираемости G1</li></ul>Мы гарантируем точность соблюдения технологии производства и как следствие, высокое качество продукции.<br /><br />Брусчатка 60 мм на паллете – 12 м2<br />Брусчатка 80 мм на паллете – 10 м2<br /><br /><strong>Стоимость указана за 1 кв.м. без учета доставки от завода производителя</strong>";https://static.tildacdn.com/stor3130-3137-4562-a432-363664373962/0301b17317b455731e53c4cfd16cc71e.jpg;;;;;;9tuRbvD90OsRKSBNXXPT;;0;0;0;0
849142181901;;;;;"Брусчатка (Б.2.П.6/8) Стандарт Черная - Стандарт - Чёрный - 60 мм";;;https://static.tildacdn.com/stor3130-3137-4562-a432-363664373962/0301b17317b455731e53c4cfd16cc71e.jpg;1700.00;;;"Коллекция:Стандарт;Цвет:Чёрный;Толщина:60 мм";;MJrFlmkaXgE8N66NRVDO;231912949571;0;0;0;0
912775476711;;;;;"Брусчатка (Б.2.П.6/8) Стандарт Черная - Стандарт - Чёрный - 80 мм";;;https://static.tildacdn.com/stor3130-3137-4562-a432-363664373962/0301b17317b455731e53c4cfd16cc71e.jpg;1900.00;;;"Коллекция:Стандарт;Цвет:Чёрный;Толщина:80 мм";;7VYPnHKRkmotgHpgI1MO;231912949571;0;0;0;0
576767093941;;;;Брусчатка;"Брусчатка (Б.2.П.6/8) Стандарт Коричневый";"Размер плитки 200x100 мм<br />Толщина 60 или 80 мм";"Брусчатка - Б.2.П.6 / Б.2.П.8<br /><br />Классическая тротуарная плитка в форме «Кирпич» представлена у нас в огромном спектре различных цветов.<br /><br />Размер 200x100 мм<br />Толщина 60 или 80 мм<br /><ul><li data-list=""bullet"">ГОСТ 17608-2017</li><li data-list=""bullet"">Класс бетона изделий по прочности на сжатие: В25</li><li data-list=""bullet"">Марка бетона по морозостойкости F₂200</li><li data-list=""bullet"">Водопоглощение не более 6%</li><li data-list=""bullet"">Марка по истираемости G1</li></ul>Мы гарантируем точность соблюдения технологии производства и как следствие, высокое качество продукции.<br /><br />Брусчатка 60 мм на паллете – 12 м2<br />Брусчатка 80 мм на паллете – 10 м2<br /><br /><strong>Стоимость указана за 1 кв.м. без учета доставки от завода производителя</strong>";https://static.tildacdn.com/stor6438-6530-4638-b766-643434356432/ab024d58f6e3b0882d8174ad490758a9.jpg;;;;;;zjVjPaoUtOGvJlm9yMnc;;0;0;0;0
803268852571;;;;;"Брусчатка (Б.2.П.6/8) Стандарт Коричневый - Стандарт - Коричневый - 60 мм";;;https://static.tildacdn.com/stor6438-6530-4638-b766-643434356432/ab024d58f6e3b0882d8174ad490758a9.jpg;1700.00;;;"Коллекция:Стандарт;Цвет:Коричневый;Толщина:60 мм";;zRgc23PJN0numpEKg4XV;576767093941;0;0;0;0
148321080491;;;;;"Брусчатка (Б.2.П.6/8) Стандарт Коричневый - Стандарт - Коричневый - 80 мм";;;https://static.tildacdn.com/stor6438-6530-4638-b766-643434356432/ab024d58f6e3b0882d8174ad490758a9.jpg;1900.00;;;"Коллекция:Стандарт;Цвет:Коричневый;Толщина:80 мм";;BDK8b7F0BsBP1Ite9jKD;576767093941;0;0;0;0
865990423161;;;;Брусчатка;"Брусчатка (Б.2.П.6/8) Стандарт Красная";"Размер плитки 200x100 мм<br />Толщина 60 или 80 мм";"Брусчатка - Б.2.П.6 / Б.2.П.8<br /><br />Классическая тротуарная плитка в форме «Кирпич» представлена у нас в огромном спектре различных цветов.<br /><br />Размер 200x100 мм<br />Толщина 60 или 80 мм<br /><ul><li data-list=""bullet"">ГОСТ 17608-2017</li><li data-list=""bullet"">Класс бетона изделий по прочности на сжатие: В25</li><li data-list=""bullet"">Марка бетона по морозостойкости F₂200</li><li data-list=""bullet"">Водопоглощение не более 6%</li><li data-list=""bullet"">Марка по истираемости G1</li></ul>Мы гарантируем точность соблюдения технологии производства и как следствие, высокое качество продукции.<br /><br />Брусчатка 60 мм на паллете – 12 м2<br />Брусчатка 80 мм на паллете – 10 м2<br /><br /><strong>Стоимость указана за 1 кв.м. без учета доставки от завода производителя</strong>";https://static.tildacdn.com/stor6236-3937-4536-b138-346363326131/89fbd9f3442ca1e48c7d83c3fd5a26e8.jpg;;;;;;pZ41N5O57a55AdYG7e1k;;0;0;0;0
899139432761;;;;;"Брусчатка (Б.2.П.6/8) Стандарт Красная - Стандарт - Красный - 60 мм";;;https://static.tildacdn.com/stor6236-3937-4536-b138-346363326131/89fbd9f3442ca1e48c7d83c3fd5a26e8.jpg;1700.00;;;"Коллекция:Стандарт;Цвет:Красный;Толщина:60 мм";;chpmFXdMKXUYRB3LhYce;865990423161;0;0;0;0
987509665861;;;;;"Брусчатка (Б.2.П.6/8) Стандарт Красная - Стандарт - Красный - 80 мм";;;https://static.tildacdn.com/stor6236-3937-4536-b138-346363326131/89fbd9f3442ca1e48c7d83c3fd5a26e8.jpg;1900.00;;;"Коллекция:Стандарт;Цвет:Красный;Толщина:80 мм";;v7cEU9ei1KTb7oInN3ip;865990423161;0;0;0;0
457461645751;;;;Брусчатка;"Брусчатка (Б.2.П.6/8) Стандарт Белая";"Размер плитки 200x100 мм<br />Толщина 60 или 80 мм<br />";"Брусчатка - Б.2.П.6 / Б.2.П.8<br /><br />Классическая тротуарная плитка в форме «Кирпич» представлена у нас в огромном спектре различных цветов.<br /><br />Размер 200x100 мм<br />Толщина 60 или 80 мм<br /><ul><li data-list=""bullet"">ГОСТ 17608-2017</li><li data-list=""bullet"">Класс бетона изделий по прочности на сжатие: В25</li><li data-list=""bullet"">Марка бетона по морозостойкости F₂200</li><li data-list=""bullet"">Водопоглощение не более 6%</li><li data-list=""bullet"">Марка по истираемости G1</li></ul>Мы гарантируем точность соблюдения технологии производства и как следствие, высокое качество продукции.<br /><br />Брусчатка 60 мм на паллете – 12 м2<br />Брусчатка 80 мм на паллете – 10 м2<br /><br /><strong>Стоимость указана за 1 кв.м. без учета доставки от завода производителя</strong>";https://static.tildacdn.com/stor3762-6364-4363-b638-303537303266/c91e2fddfd4307487ad66837eb86a634.jpg;;;;;;RMK6yIleRo16nLEIt9jh;;0;0;0;0
761599828271;;;;;"Брусчатка (Б.2.П.6/8) Стандарт Белая - Стандарт - Белый - 60 мм";;;https://static.tildacdn.com/stor3762-6364-4363-b638-303537303266/c91e2fddfd4307487ad66837eb86a634.jpg;1750.00;;;"Коллекция:Стандарт;Цвет:Белый;Толщина:60 мм";;o2DXRJjXzf74xVu3JDMH;457461645751;0;0;0;0
720039241831;;;;;"Брусчатка (Б.2.П.6/8) Стандарт Белая - Стандарт - Белый - 80 мм";;;https://static.tildacdn.com/stor3762-6364-4363-b638-303537303266/c91e2fddfd4307487ad66837eb86a634.jpg;1950.00;;;"Коллекция:Стандарт;Цвет:Белый;Толщина:80 мм";;lnAXYlVYtSJENrBvmt8I;457461645751;0;0;0;0
179207409231;;;;Брусчатка;"Брусчатка (Б.2.П.6/8) Гранит Янтарь";"Размер плитки 200x100 мм<br />Толщина 60 или 80 мм";"Брусчатка - Б.2.П.6 / Б.2.П.8<br /><br />Классическая тротуарная плитка в форме «Кирпич» представлена у нас в огромном спектре различных цветов.<br />Изготовлена с добавлением натуральной гранитной крошки, обладает нескользящей фактурной поверхностью и высокими физико-механическими свойствами.<br /><br />Размер 200x100 мм<br />Толщина 60 или 80 мм<br /><ul><li data-list=""bullet"">ГОСТ 17608-2017</li><li data-list=""bullet"">Класс бетона изделий по прочности на сжатие: В25</li><li data-list=""bullet"">Марка бетона по морозостойкости F₂200</li><li data-list=""bullet"">Водопоглощение не более 6%</li><li data-list=""bullet"">Марка по истираемости G1</li></ul>Мы гарантируем точность соблюдения технологии производства и как следствие, высокое качество продукции.<br /><br />Брусчатка 60 мм на паллете – 14,04 м2<br />Брусчатка 80 мм на паллете – 10,8 м2<br /><br /><strong>Стоимость указана за 1 кв.м. без учета доставки от завода производителя</strong>";https://static.tildacdn.com/tild6662-6163-4435-b034-306362353238/01.jpg;;;;;;Vg2rf58jSsLmu1JBvSDu;;0;0;0;0
327637619041;;;;;"Брусчатка (Б.2.П.6/8) Гранит Янтарь - Листопад® гранит - Янтарь - 60 мм";;;https://static.tildacdn.com/tild6662-6163-4435-b034-306362353238/01.jpg;3400.00;;;"Коллекция:Листопад® гранит;Цвет:Янтарь;Толщина:60 мм";;FPjJjlcaZ9HMjbfkUty1;179207409231;0;0;0;0
850452617251;;;;;"Брусчатка (Б.2.П.6/8) Гранит Янтарь - Листопад® гранит - Янтарь - 80 мм";;;https://static.tildacdn.com/tild6662-6163-4435-b034-306362353238/01.jpg;3900.00;;;"Коллекция:Листопад® гранит;Цвет:Янтарь;Толщина:80 мм";;JbsAEFapet8bi2mG5vn2;179207409231;0;0;0;0
509948908501;;;;Брусчатка;"Брусчатка (Б.2.П.6/8) Гладкий Хаски";"Размер плитки 200x100 мм<br />Толщина 60 или 80 мм";"Брусчатка - Б.2.П.6 / Б.2.П.8<br /><br />Классическая тротуарная плитка в форме «Кирпич» представлена у нас в огромном спектре различных цветов.<br /><br />Размер 200x100 мм<br />Толщина 60 или 80 мм<br /><ul><li>ГОСТ 17608-2017</li><li>Класс бетона изделий по прочности на сжатие: В25</li><li>Марка бетона по морозостойкости F₂200</li><li>Водопоглощение не более 6%</li><li>Марка по истираемости G1</li></ul>Мы гарантируем точность соблюдения технологии производства и как следствие, высокое качество продукции.<br /><br />Брусчатка 60 мм на паллете – 14,04 м2<br />Брусчатка 80 мм на паллете – 10,8 м2<br /><br /><strong>Стоимость указана за 1 кв.м. без учета доставки от завода производителя</strong>";https://static.tildacdn.com/stor3161-3665-4165-b332-666162303062/913d6f42786fefa98d6ce56031c698d1.jpg;;;;;;je9RRtz64U6IAxyvdr8C;;0;0;0;0
791347840351;;;;;"Брусчатка (Б.2.П.6/8) Гладкий Хаски - Листопад® гладкий - Хаски - 60 мм";;;https://static.tildacdn.com/stor3161-3665-4165-b332-666162303062/913d6f42786fefa98d6ce56031c698d1.jpg;2950.00;;;"Коллекция:Листопад® гладкий;Цвет:Хаски;Толщина:60 мм";;AmGyTVvU6BbNKKp92uua;509948908501;0;0;0;0
837521453151;;;;;"Брусчатка (Б.2.П.6/8) Гладкий Хаски - Листопад® гладкий - Хаски - 80 мм";;;https://static.tildacdn.com/stor3161-3665-4165-b332-666162303062/913d6f42786fefa98d6ce56031c698d1.jpg;3400.00;;;"Коллекция:Листопад® гладкий;Цвет:Хаски;Толщина:80 мм";;RL9CTXxZilbL2HKB2ZDV;509948908501;0;0;0;0
105317090721;;;;Брусчатка;"Брусчатка (Б.2.П.6/8) Гладкий Осень";"Размер плитки 200x100 мм<br />Толщина 60 или 80 мм";"Брусчатка - Б.2.П.6 / Б.2.П.8<br /><br />Классическая тротуарная плитка в форме «Кирпич» представлена у нас в огромном спектре различных цветов.<br /><br />Размер 200x100 мм<br />Толщина 60 или 80 мм<br /><ul><li>ГОСТ 17608-2017</li><li>Класс бетона изделий по прочности на сжатие: В25</li><li>Марка бетона по морозостойкости F₂200</li><li>Водопоглощение не более 6%</li><li>Марка по истираемости G1</li></ul>Мы гарантируем точность соблюдения технологии производства и как следствие, высокое качество продукции.<br /><br />Брусчатка 60 мм на паллете – 14,04 м2<br />Брусчатка 80 мм на паллете – 10,8 м2<br /><br /><strong>Стоимость указана за 1 кв.м. без учета доставки от завода производителя</strong>";https://static.tildacdn.com/tild3639-6539-4030-a463-343935323532/01.jpg;;;;;;4RG2zrARonFLpanJ2P46;;0;0;0;0
145966619961;;;;;"Брусчатка (Б.2.П.6/8) Гладкий Осень - Листопад® гладкий - Осень - 60 мм";;;https://static.tildacdn.com/tild3639-6539-4030-a463-343935323532/01.jpg;2950.00;;;"Коллекция:Листопад® гладкий;Цвет:Осень;Толщина:60 мм";;K3JsRgV54A59I7P5D8PG;105317090721;0;0;0;0
110208849651;;;;;"Брусчатка (Б.2.П.6/8) Гладкий Осень - Листопад® гладкий - Осень - 80 мм";;;https://static.tildacdn.com/tild3639-6539-4030-a463-343935323532/01.jpg;3400.00;;;"Коллекция:Листопад® гладкий;Цвет:Осень;Толщина:80 мм";;xGHetMsuhpDJpGeKa7bN;105317090721;0;0;0;0
884805112361;;;;Брусчатка;"Брусчатка (Б.2.П.6/8) Гладкий Антрацит";"Размер плитки 200x100 мм<br />Толщина 60 или 80 мм";"Брусчатка - Б.2.П.6 / Б.2.П.8<br /><br />Классическая тротуарная плитка в форме «Кирпич» представлена у нас в огромном спектре различных цветов.<br /><br />Размер 200x100 мм<br />Толщина 60 или 80 мм<br /><ul><li>ГОСТ 17608-2017</li><li>Класс бетона изделий по прочности на сжатие: В25</li><li>Марка бетона по морозостойкости F₂200</li><li>Водопоглощение не более 6%</li><li>Марка по истираемости G1</li></ul>Мы гарантируем точность соблюдения технологии производства и как следствие, высокое качество продукции.<br /><br />Брусчатка 60 мм на паллете – 14,04 м2<br />Брусчатка 80 мм на паллете – 10,8 м2<br /><br /><strong>Стоимость указана за 1 кв.м. без учета доставки от завода производителя</strong>";https://static.tildacdn.com/stor6136-6435-4534-a366-323639393662/0a6f5370116def15c4c010daa90ebc59.jpg;;;;;;2SlDC6XNRYhsKKZB6HUD;;0;0;0;0
713077368381;;;;;"Брусчатка (Б.2.П.6/8) Гладкий Антрацит - Листопад® гладкий - Антрацит - 60 мм";;;https://static.tildacdn.com/stor6136-6435-4534-a366-323639393662/0a6f5370116def15c4c010daa90ebc59.jpg;2950.00;;;"Коллекция:Листопад® гладкий;Цвет:Антрацит;Толщина:60 мм";;MbHiL8MY848D4HhUMHed;884805112361;0;0;0;0
739159567961;;;;;"Брусчатка (Б.2.П.6/8) Гладкий Антрацит - Листопад® гладкий - Антрацит - 80 мм";;;https://static.tildacdn.com/stor6136-6435-4534-a366-323639393662/0a6f5370116def15c4c010daa90ebc59.jpg;3400.00;;;"Коллекция:Листопад® гладкий;Цвет:Антрацит;Толщина:80 мм";;CDxG2rfRub24CIdCnj47;884805112361;0;0;0;0
821813270911;;;;Брусчатка;"Брусчатка (Б.2.П.6/8) Гладкий Старый замок";"Размер плитки 200x100 мм<br />Толщина 60 или 80 мм";"Брусчатка - Б.2.П.6 / Б.2.П.8<br /><br />Классическая тротуарная плитка в форме «Кирпич» представлена у нас в огромном спектре различных цветов.<br /><br />Размер 200x100 мм<br />Толщина 60 или 80 мм<br /><ul><li>ГОСТ 17608-2017</li><li>Класс бетона изделий по прочности на сжатие: В25</li><li>Марка бетона по морозостойкости F₂200</li><li>Водопоглощение не более 6%</li><li>Марка по истираемости G1</li></ul>Мы гарантируем точность соблюдения технологии производства и как следствие, высокое качество продукции.<br /><br />Брусчатка 60 мм на паллете – 14,04 м2<br />Брусчатка 80 мм на паллете – 10,8 м2<br /><br /><strong>Стоимость указана за 1 кв.м. без учета доставки от завода производителя</strong>";https://static.tildacdn.com/stor3165-3331-4135-b363-656266326639/ce6e585a60479b62564da9bb7d223fe2.jpg;;;;;;Y0Na96g7NobvYaP3M4DC;;0;0;0;0
506367102801;;;;;"Брусчатка (Б.2.П.6/8) Гладкий Старый замок - Листопад® гладкий - Старый замок - 60 мм";;;https://static.tildacdn.com/stor3165-3331-4135-b363-656266326639/ce6e585a60479b62564da9bb7d223fe2.jpg;2950.00;;;"Коллекция:Листопад® гладкий;Цвет:Старый замок;Толщина:60 мм";;rjZo6ceUZgLXLHNHe4Fr;821813270911;0;0;0;0
417996254961;;;;;"Брусчатка (Б.2.П.6/8) Гладкий Старый замок - Листопад® гладкий - Старый замок - 80 мм";;;https://static.tildacdn.com/stor3165-3331-4135-b363-656266326639/ce6e585a60479b62564da9bb7d223fe2.jpg;3400.00;;;"Коллекция:Листопад® гладкий;Цвет:Старый замок;Толщина:80 мм";;DDiNphtEMflueB9Jgp5K;821813270911;0;0;0;0
856982426321;;;;Брусчатка;"Брусчатка (Б.2.П.6/8) Гладкий Клинкер";"Размер плитки 200x100 мм<br />Толщина 60 или 80 мм";"Брусчатка - Б.2.П.6 / Б.2.П.8<br /><br />Классическая тротуарная плитка в форме «Кирпич» представлена у нас в огромном спектре различных цветов.<br /><br />Размер 200x100 мм<br />Толщина 60 или 80 мм<br /><ul><li>ГОСТ 17608-2017</li><li>Класс бетона изделий по прочности на сжатие: В25</li><li>Марка бетона по морозостойкости F₂200</li><li>Водопоглощение не более 6%</li><li>Марка по истираемости G1</li></ul>Мы гарантируем точность соблюдения технологии производства и как следствие, высокое качество продукции.<br /><br />Брусчатка 60 мм на паллете – 14,04 м2<br />Брусчатка 80 мм на паллете – 10,8 м2<br /><br /><strong>Стоимость указана за 1 кв.м. без учета доставки от завода производителя</strong>";https://static.tildacdn.com/stor3336-6562-4064-b035-303636313534/414778b0ae50d13c705ca8f9668e22b3.jpg;;;;;;VE30ZKuc1oNg3orODxt6;;0;0;0;0
432987872401;;;;;"Брусчатка (Б.2.П.6/8) Гладкий Клинкер - Листопад® гладкий - Клинкер - 60 мм";;;https://static.tildacdn.com/stor3336-6562-4064-b035-303636313534/414778b0ae50d13c705ca8f9668e22b3.jpg;2950.00;;;"Коллекция:Листопад® гладкий;Цвет:Клинкер;Толщина:60 мм";;OB88CZjvulT8itV8kc7R;856982426321;0;0;0;0
881063160911;;;;;"Брусчатка (Б.2.П.6/8) Гладкий Клинкер - Листопад® гладкий - Клинкер - 80 мм";;;https://static.tildacdn.com/stor3336-6562-4064-b035-303636313534/414778b0ae50d13c705ca8f9668e22b3.jpg;3400.00;;;"Коллекция:Листопад® гладкий;Цвет:Клинкер;Толщина:80 мм";;rIPXnYSDNVx84OdSupHS;856982426321;0;0;0;0
161033127261;;;;Брусчатка;"Брусчатка (Б.2.П.6/8) Гладкий Янтарь";"Размер плитки 200x100 мм<br />Толщина 60 или 80 мм";"Брусчатка - Б.2.П.6 / Б.2.П.8<br /><br />Классическая тротуарная плитка в форме «Кирпич» представлена у нас в огромном спектре различных цветов.<br /><br />Размер 200x100 мм<br />Толщина 60 или 80 мм<br /><ul><li>ГОСТ 17608-2017</li><li>Класс бетона изделий по прочности на сжатие: В25</li><li>Марка бетона по морозостойкости F₂200</li><li>Водопоглощение не более 6%</li><li>Марка по истираемости G1</li></ul>Мы гарантируем точность соблюдения технологии производства и как следствие, высокое качество продукции.<br /><br />Брусчатка 60 мм на паллете – 14,04 м2<br />Брусчатка 80 мм на паллете – 10,8 м2<br /><br /><strong>Стоимость указана за 1 кв.м. без учета доставки от завода производителя</strong>";https://static.tildacdn.com/stor6338-3430-4161-b864-663162353830/354c58cf51944c1841d479880fc6baef.jpg;;;;;;eUf4exlAks7lRuudIanm;;0;0;0;0
700841078621;;;;;"Брусчатка (Б.2.П.6/8) Гладкий Янтарь - Листопад® гладкий - Янтарь - 60 мм";;;https://static.tildacdn.com/stor6338-3430-4161-b864-663162353830/354c58cf51944c1841d479880fc6baef.jpg;2950.00;;;"Коллекция:Листопад® гладкий;Цвет:Янтарь;Толщина:60 мм";;n0IRUmrf0HoO0OM21jb3;161033127261;0;0;0;0
762772871461;;;;;"Брусчатка (Б.2.П.6/8) Гладкий Янтарь - Листопад® гладкий - Янтарь - 80 мм";;;https://static.tildacdn.com/stor6338-3430-4161-b864-663162353830/354c58cf51944c1841d479880fc6baef.jpg;3400.00;;;"Коллекция:Листопад® гладкий;Цвет:Янтарь;Толщина:80 мм";;cgsggZiSiv6JujTMcmlc;161033127261;0;0;0;0
667738985221;;;;Брусчатка;"Брусчатка (Б.2.П.6/8) Гранит Клинкер";"Размер плитки 200x100 мм<br />Толщина 60 или 80 мм";"Брусчатка - Б.2.П.6 / Б.2.П.8<br /><br />Классическая тротуарная плитка в форме «Кирпич» представлена у нас в огромном спектре различных цветов.<br />Изготовлена с добавлением натуральной гранитной крошки, обладает нескользящей фактурной поверхностью и высокими физико-механическими свойствами.<br /><br />Размер 200x100 мм<br />Толщина 60 или 80 мм<br /><ul><li data-list=""bullet"">ГОСТ 17608-2017</li><li data-list=""bullet"">Класс бетона изделий по прочности на сжатие: В25</li><li data-list=""bullet"">Марка бетона по морозостойкости F₂200</li><li data-list=""bullet"">Водопоглощение не более 6%</li><li data-list=""bullet"">Марка по истираемости G1</li></ul>Мы гарантируем точность соблюдения технологии производства и как следствие, высокое качество продукции.<br /><br />Брусчатка 60 мм на паллете – 14,04 м2<br />Брусчатка 80 мм на паллете – 10,8 м2<br /><br /><strong>Стоимость указана за 1 кв.м. без учета доставки от завода производителя</strong>";https://static.tildacdn.com/tild3431-3732-4466-b532-623530653065/01.jpg;;;;;;yS902JevrAogl2loUMfK;;0;0;0;0
939571719771;;;;;"Брусчатка (Б.2.П.6/8) Гранит Клинкер - Листопад® гранит - Клинкер - 60 мм";;;https://static.tildacdn.com/tild3431-3732-4466-b532-623530653065/01.jpg;3400.00;;;"Коллекция:Листопад® гранит;Цвет:Клинкер;Толщина:60 мм";;cXVNbRuHsI6a0N2dp26T;667738985221;0;0;0;0
865817290381;;;;;"Брусчатка (Б.2.П.6/8) Гранит Клинкер - Листопад® гранит - Клинкер - 80 мм";;;https://static.tildacdn.com/tild3431-3732-4466-b532-623530653065/01.jpg;3900.00;;;"Коллекция:Листопад® гранит;Цвет:Клинкер;Толщина:80 мм";;jkzufuvbMI2xu1IkGPkP;667738985221;0;0;0;0
739707696511;;;;Брусчатка;"Брусчатка (Б.2.П.6/8) Гранит Старый замок";"Размер плитки 200x100 мм<br />Толщина 60 или 80 мм";"Брусчатка - Б.2.П.6 / Б.2.П.8<br /><br />Классическая тротуарная плитка в форме «Кирпич» представлена у нас в огромном спектре различных цветов.<br />Изготовлена с добавлением натуральной гранитной крошки, обладает нескользящей фактурной поверхностью и высокими физико-механическими свойствами.<br /><br />Размер 200x100 мм<br />Толщина 60 или 80 мм<br /><ul><li data-list=""bullet"">ГОСТ 17608-2017</li><li data-list=""bullet"">Класс бетона изделий по прочности на сжатие: В25</li><li data-list=""bullet"">Марка бетона по морозостойкости F₂200</li><li data-list=""bullet"">Водопоглощение не более 6%</li><li data-list=""bullet"">Марка по истираемости G1</li></ul>Мы гарантируем точность соблюдения технологии производства и как следствие, высокое качество продукции.<br /><br />Возможна отгрузка с нашего склада в Архангельске или доставка до места укладки.<br /><br /><strong>Стоимость указана за 1 кв.м. без учета доставки от завода производителя</strong>";https://static.tildacdn.com/stor3130-6230-4136-b461-626535323265/1cdb6e215651465810957379b8253e3c.jpg;;;;;;F8azR1Hcbz5aym2mElxY;;0;0;0;0
596045603261;;;;;"Брусчатка (Б.2.П.6/8) Гранит Старый замок - Листопад® гранит - Старый замок - 60 мм";;;https://static.tildacdn.com/stor3130-6230-4136-b461-626535323265/1cdb6e215651465810957379b8253e3c.jpg;3400.00;;;"Коллекция:Листопад® гранит;Цвет:Старый замок;Толщина:60 мм";;hpezimg2uhuEbyCgtU20;739707696511;0;0;0;0
709700703131;;;;;"Брусчатка (Б.2.П.6/8) Гранит Старый замок - Листопад® гранит - Старый замок - 80 мм";;;https://static.tildacdn.com/stor3130-6230-4136-b461-626535323265/1cdb6e215651465810957379b8253e3c.jpg;3900.00;;;"Коллекция:Листопад® гранит;Цвет:Старый замок;Толщина:80 мм";;cgDLZfuIB1kfNbH6msMA;739707696511;0;0;0;0
221242041121;;;;Брусчатка;"Брусчатка (Б.2.П.6/8) Гранит Антрацит";"Размер плитки 200x100 мм<br />Толщина 60 или 80 мм";"Брусчатка - Б.2.П.6 / Б.2.П.8<br /><br />Классическая тротуарная плитка в форме «Кирпич» представлена у нас в огромном спектре различных цветов.<br />Изготовлена с добавлением натуральной гранитной крошки, обладает нескользящей фактурной поверхностью и высокими физико-механическими свойствами.<br /><br />Размер 200x100 мм<br />Толщина 60 или 80 мм<br /><ul><li data-list=""bullet"">ГОСТ 17608-2017</li><li data-list=""bullet"">Класс бетона изделий по прочности на сжатие: В25</li><li data-list=""bullet"">Марка бетона по морозостойкости F₂200</li><li data-list=""bullet"">Водопоглощение не более 6%</li><li data-list=""bullet"">Марка по истираемости G1</li></ul>Мы гарантируем точность соблюдения технологии производства и как следствие, высокое качество продукции.<br /><br />Брусчатка 60 мм на паллете – 14,04 м2<br />Брусчатка 80 мм на паллете – 10,8 м2<br /><br /><strong>Стоимость указана за 1 кв.м. без учета доставки от завода производителя</strong>";https://static.tildacdn.com/tild3733-3933-4665-a166-613465393033/01.jpg;;;;;;Fv1h7ebvTnJuvxV3ZKHX;;0;0;0;0
704464522381;;;;;"Брусчатка (Б.2.П.6/8) Гранит Антрацит - Листопад® гранит - Антрацит - 60 мм";;;https://static.tildacdn.com/tild3733-3933-4665-a166-613465393033/01.jpg;3400.00;;;"Коллекция:Листопад® гранит;Цвет:Антрацит;Толщина:60 мм";;38Byg7ZpVN5XzfGjonrj;221242041121;0;0;0;0
843197228391;;;;;"Брусчатка (Б.2.П.6/8) Гранит Антрацит - Листопад® гранит - Антрацит - 80 мм";;;https://static.tildacdn.com/tild3733-3933-4665-a166-613465393033/01.jpg;3900.00;;;"Коллекция:Листопад® гранит;Цвет:Антрацит;Толщина:80 мм";;eNo5aVyymc6yzkbb5I0T;221242041121;0;0;0;0
206726398701;;;;Брусчатка;"Брусчатка (Б.2.П.6/8) Гранит Осень";"Размер плитки 200x100 мм<br />Толщина 60 или 80 мм";"ЛА-ЛИНИЯ - Б.2.П.6 / Б.2.П.8<br /><br />Классическая тротуарная плитка в форме «Кирпич» представлена у нас в огромном спектре различных цветов.<br />Изготовлена с добавлением натуральной гранитной крошки, обладает нескользящей фактурной поверхностью и высокими физико-механическими свойствами.<br /><br />Размер 200x100 мм<br />Толщина 60 или 80 мм<br /><ul><li data-list=""bullet"">ГОСТ 17608-2017</li><li data-list=""bullet"">Класс бетона изделий по прочности на сжатие: B22,5; В25</li><li data-list=""bullet"">Марка бетона по морозостойкости F₂200</li><li data-list=""bullet"">Водопоглощение не более 6%</li><li data-list=""bullet"">Марка по истираемости G1</li></ul>Мы гарантируем точность соблюдения технологии производства и как следствие, высокое качество продукции.<br /><br />Брусчатка 60 мм на паллете – 14,04 м2<br />Брусчатка 80 мм на паллете – 10,8 м2<br /><br /><strong>Стоимость указана за 1 кв.м. без учета доставки от завода производителя</strong>";https://static.tildacdn.com/tild3063-6463-4165-b131-373063356532/01.jpg;;;;;;tg7J6CBgueBUEUOEJBCa;;0;0;0;0
298644478691;;;;;"Брусчатка (Б.2.П.6/8) Гранит Осень - Листопад® гранит - Осень - 60 мм";;;https://static.tildacdn.com/tild3063-6463-4165-b131-373063356532/01.jpg;3400.00;;;"Коллекция:Листопад® гранит;Цвет:Осень;Толщина:60 мм";;KVLh9Va4N0Rll4GZi0um;206726398701;0;0;0;0
137622118591;;;;;"Брусчатка (Б.2.П.6/8) Гранит Осень - Листопад® гранит - Осень - 80 мм";;;https://static.tildacdn.com/tild3063-6463-4165-b131-373063356532/01.jpg;3900.00;;;"Коллекция:Листопад® гранит;Цвет:Осень;Толщина:80 мм";;pGSCDj4SBse1SZkRMUym;206726398701;0;0;0;0
670223900021;;;;Брусчатка;"Брусчатка (Б.2.П.6/8) Стоунмикс Белый";"Размер плитки 200x100 мм<br />Толщина 60 или 80 мм";"Брусчатка - Б.2.П.6 / Б.2.П.8<br /><br />Плитка классической формы ""брусчатка"" с натуральной мраморной крошкой в верхнем слое. Отличается долговечностью и повышенной устойчивостью к истираемости.<br /><br />Размер 200x100 мм<br />Толщина 60 или 80 мм<br /><ul><li>ГОСТ 17608-2017</li><li>Класс бетона изделий по прочности на сжатие: В25</li><li>Марка бетона по морозостойкости F₂200</li><li>Водопоглощение не более 6%</li><li>Марка по истираемости G1</li></ul>Мы гарантируем точность соблюдения технологии производства и как следствие, высокое качество продукции.<br /><br />Брусчатка 60 мм на паллете – 14,04 м2<br />Брусчатка 80 мм на паллете – 10,8 м2<br /><br /><strong>Стоимость указана за 1 кв.м. без учета доставки от завода производителя</strong>";https://static.tildacdn.com/stor3432-3130-4464-b138-616338333165/902e64e40668618582634ea79b3ec12c.jpg;;;;;;4c0G1CGfLrp4YfIFjMSI;;0;0;0;0
165312506131;;;;;"Брусчатка (Б.2.П.6/8) Стоунмикс Белый - Стоунмикс - Белый - 60 мм";;;https://static.tildacdn.com/stor3432-3130-4464-b138-616338333165/902e64e40668618582634ea79b3ec12c.jpg;3700.00;;;"Коллекция:Стоунмикс;Цвет:Белый;Толщина:60 мм";;KpVljjJVUk4u50X5SFH2;670223900021;0;0;0;0
986172357881;;;;;"Брусчатка (Б.2.П.6/8) Стоунмикс Белый - Стоунмикс - Белый - 80 мм";;;https://static.tildacdn.com/stor3432-3130-4464-b138-616338333165/902e64e40668618582634ea79b3ec12c.jpg;4550.00;;;"Коллекция:Стоунмикс;Цвет:Белый;Толщина:80 мм";;8mgDCboJDAaR58akegCG;670223900021;0;0;0;0
919069108721;;;;Брусчатка;"Брусчатка (Б.2.П.6/8) Стоунмикс Черный";"Размер плитки 200x100 мм<br />Толщина 60 или 80 мм";"Брусчатка - Б.2.П.6 / Б.2.П.8<br /><br />Плитка классической формы ""брусчатка"" с натуральной мраморной крошкой в верхнем слое. Отличается долговечностью и повышенной устойчивостью к истираемости.<br /><br />Размер 200x100 мм<br />Толщина 60 или 80 мм<br /><ul><li>ГОСТ 17608-2017</li><li>Класс бетона изделий по прочности на сжатие: В25</li><li>Марка бетона по морозостойкости F₂200</li><li>Водопоглощение не более 6%</li><li>Марка по истираемости G1</li></ul>Мы гарантируем точность соблюдения технологии производства и как следствие, высокое качество продукции.<br /><br />Брусчатка 60 мм на паллете – 14,04 м2<br />Брусчатка 80 мм на паллете – 10,8 м2<br /><br /><strong>Стоимость указана за 1 кв.м. без учета доставки от завода производителя</strong>";https://static.tildacdn.com/stor3261-3661-4633-b663-373636383735/f30440ed35e11ec48287fd35a9c968ac.jpg;;;;;;MzuHAFRs00rvfZY7RX6J;;0;0;0;0
118156665171;;;;;"Брусчатка (Б.2.П.6/8) Стоунмикс Черный - Стоунмикс - Чёрный - 60 мм";;;https://static.tildacdn.com/stor3261-3661-4633-b663-373636383735/f30440ed35e11ec48287fd35a9c968ac.jpg;3700.00;;;"Коллекция:Стоунмикс;Цвет:Чёрный;Толщина:60 мм";;KZA5zl2VzeKRVFY2Ra3H;919069108721;0;0;0;0
904316422771;;;;;"Брусчатка (Б.2.П.6/8) Стоунмикс Черный - Стоунмикс - Чёрный - 80 мм";;;https://static.tildacdn.com/stor3261-3661-4633-b663-373636383735/f30440ed35e11ec48287fd35a9c968ac.jpg;4550.00;;;"Коллекция:Стоунмикс;Цвет:Чёрный;Толщина:80 мм";;z5aJ1L1t0zNE1iRDz8UZ;919069108721;0;0;0;0
709385436221;;;;Брусчатка;"Брусчатка (Б.2.П.6/8) Стоунмикс Бело-Черный";"Размер плитки 200x100 мм<br />Толщина 60 или 80 мм";"Брусчатка - Б.2.П.6 / Б.2.П.8<br /><br />Плитка классической формы ""брусчатка"" с натуральной мраморной крошкой в верхнем слое. Отличается долговечностью и повышенной устойчивостью к истираемости.<br /><br />Размер 200x100 мм<br />Толщина 60 или 80 мм<br /><ul><li>ГОСТ 17608-2017</li><li>Класс бетона изделий по прочности на сжатие: В25</li><li>Марка бетона по морозостойкости F₂200</li><li>Водопоглощение не более 6%</li><li>Марка по истираемости G1</li></ul>Мы гарантируем точность соблюдения технологии производства и как следствие, высокое качество продукции.<br /><br />Брусчатка 60 мм на паллете – 14,04 м2<br />Брусчатка 80 мм на паллете – 10,8 м2<br /><br /><strong>Стоимость указана за 1 кв.м. без учета доставки от завода производителя</strong>";https://static.tildacdn.com/stor6365-3937-4232-a139-326264666331/f5de981db1f4018fda66dd2a05b6ba1c.jpg;;;;;;0ecNJztIOvscBlEEdBhv;;0;0;0;0
159909106771;;;;;"Брусчатка (Б.2.П.6/8) Стоунмикс Бело-Черный - Стоунмикс - Бело-черный - 60 мм";;;https://static.tildacdn.com/stor6365-3937-4232-a139-326264666331/f5de981db1f4018fda66dd2a05b6ba1c.jpg;3700.00;;;"Коллекция:Стоунмикс;Цвет:Бело-черный;Толщина:60 мм";;SS5K7Lye1Ro9iSl9N11h;709385436221;0;0;0;0
906280837641;;;;;"Брусчатка (Б.2.П.6/8) Стоунмикс Бело-Черный - Стоунмикс - Бело-черный - 80 мм";;;https://static.tildacdn.com/stor6365-3937-4232-a139-326264666331/f5de981db1f4018fda66dd2a05b6ba1c.jpg;4550.00;;;"Коллекция:Стоунмикс;Цвет:Бело-черный;Толщина:80 мм";;ATDsfLYmmik80Y7Z1a5P;709385436221;0;0;0;0
952219872081;;;;"Квадрум - Б.7.К.8";"Квадрат (Б.7.К.8) Стандарт Серый";"Размер плитки 600x600 мм<br />Толщина 80 мм<br />";"Квадрат (Б.7.К.8)<br /><br />Размер 600x600 мм <br />Толщина 80 мм <br /><br /><ul><li>ГОСТ 17608-2017</li><li>Класс бетона изделий по прочности на сжатие: B30</li><li>Марка бетона по морозостойкости F₂200</li><li>Водопоглощение не более 6%</li><li>Марка по истираемости G1</li></ul>Мы гарантируем точность соблюдения технологии производства и как следствие, высокое качество продукции. <br /><br />На паллете – 7,2 м2<br /><br /><strong>Стоимость указана за 1 кв.м. без учета доставки от завода производителя </strong>";https://static.tildacdn.com/tild6361-3137-4261-b632-636163616239/2021-03-12_14-05-53.png;;;;;;eUjYHJFxIa2MVGHKCECx;;0;0;0;0
511459846101;;;;;"Квадрат (Б.7.К.8) Стандарт Серый - Стандарт - Серый";;;https://static.tildacdn.com/tild6361-3137-4261-b632-636163616239/2021-03-12_14-05-53.png;1850.00;;;"Коллекция:Стандарт;Цвет:Серый";;PTlOsJHmsh73BtmlJnSA;952219872081;0;0;0;0
124641115731;;;;"Квадрум - Б.7.К.8";"Квадрат (Б.7.К.8) Стандарт Черный";"Размер плитки 600x600 мм<br />Толщина 80 мм";"Квадрат (Б.7.К.8)<br /><br />Размер 600x600 мм<br />Толщина 80 мм<br /><br /><ul><li>ГОСТ 17608-2017</li><li>Класс бетона изделий по прочности на сжатие: B30</li><li>Марка бетона по морозостойкости F₂200</li><li>Водопоглощение не более 6%</li><li>Марка по истираемости G1</li></ul>Мы гарантируем точность соблюдения технологии производства и как следствие, высокое качество продукции.<br /><br />На паллете – 7,2 м2<br /><br /><strong>Стоимость указана за 1 кв.м. без учета доставки от завода производителя</strong>";https://static.tildacdn.com/tild3539-6664-4966-b164-646164303336/2021-03-12_14-10-47.png;;;;;;26DyD6T5YJ5nAikykm1x;;0;0;0;0
299696386511;;;;;"Квадрат (Б.7.К.8) Стандарт Черный - Стандарт - Чёрный";;;https://static.tildacdn.com/tild3539-6664-4966-b164-646164303336/2021-03-12_14-10-47.png;2000.00;;;"Коллекция:Стандарт;Цвет:Чёрный";;pjTNrX4T4cdcYbevI3ug;124641115731;0;0;0;0
880764197101;;;;"Квадрум - Б.7.К.8";"Квадрат (Б.7.К.8) Стандарт Коричневый";"Размер плитки 600x600 мм<br />Толщина 80 мм";"Квадрат (Б.7.К.8)<br /><br />Размер 600x600 мм<br />Толщина 80 мм<br /><br /><ul><li>ГОСТ 17608-2017</li><li>Класс бетона изделий по прочности на сжатие: B30</li><li>Марка бетона по морозостойкости F₂200</li><li>Водопоглощение не более 6%</li><li>Марка по истираемости G1</li></ul>Мы гарантируем точность соблюдения технологии производства и как следствие, высокое качество продукции.<br /><br />На паллете – 7,2 м2<br /><br /><strong>Стоимость указана за 1 кв.м. без учета доставки от завода производителя</strong>";https://static.tildacdn.com/tild6233-3634-4161-b266-383164656333/2021-03-12_14-09-51.png;;;;;;XOSASYGloFtMHu1U1nIy;;0;0;0;0
626854704941;;;;;"Квадрат (Б.7.К.8) Стандарт Коричневый - Стандарт - Коричневый";;;https://static.tildacdn.com/tild6233-3634-4161-b266-383164656333/2021-03-12_14-09-51.png;2000.00;;;"Коллекция:Стандарт;Цвет:Коричневый";;1S6eBID34SuGb7Kcoggx;880764197101;0;0;0;0
509795284531;;;;"Квадрум - Б.7.К.8";"Квадрат (Б.7.К.8) Стандарт Белый";"Размер плитки 600x600 мм<br />Толщина 80 мм";"Квадрат (Б.7.К.8)<br /><br />Размер 600x600 мм<br />Толщина 80 мм<br /><br /><ul><li>ГОСТ 17608-2017</li><li>Класс бетона изделий по прочности на сжатие: B30</li><li>Марка бетона по морозостойкости F₂200</li><li>Водопоглощение не более 6%</li><li>Марка по истираемости G1</li></ul>Мы гарантируем точность соблюдения технологии производства и как следствие, высокое качество продукции.<br /><br />На паллете – 7,2 м2<br /><br /><strong>Стоимость указана за 1 кв.м. без учета доставки от завода производителя</strong>";https://static.tildacdn.com/tild6234-3237-4531-b934-363262633461/2021-03-12_14-07-42.png;;;;;;8XJY3ZvkflpYDG73904T;;0;0;0;0
954205939921;;;;;"Квадрат (Б.7.К.8) Стандарт Белый - Стандарт - Белый";;;https://static.tildacdn.com/tild6234-3237-4531-b934-363262633461/2021-03-12_14-07-42.png;2050.00;;;"Коллекция:Стандарт;Цвет:Белый";;YSXGCgbMo6I1JSlCUeue;509795284531;0;0;0;0
513318021101;;;;"Квадрум - Б.7.К.8";"Квадрат (Б.7.К.8) Гладкий Янтарь";"Размер плитки 600x600 мм<br />Толщина 80 мм";"Квадрат (Б.7.К.8)<br /><br />Размер 600x600 мм<br />Толщина 80 мм<br /><br /><ul><li>ГОСТ 17608-2017</li><li>Класс бетона изделий по прочности на сжатие: B30</li><li>Марка бетона по морозостойкости F₂200</li><li>Водопоглощение не более 6%</li><li>Марка по истираемости G1</li></ul>Мы гарантируем точность соблюдения технологии производства и как следствие, высокое качество продукции.<br /><br />На паллете – 7,2 м2<br /><br /><strong>Стоимость указана за 1 кв.м. без учета доставки от завода производителя</strong>";https://static.tildacdn.com/tild6262-6530-4663-a538-656630643335/2021-03-12_14-12-28.png;;;;;;bhvZRei3k8EFulgS8Lix;;0;0;0;0
940196350831;;;;;"Квадрат (Б.7.К.8) Гладкий Янтарь - Листопад® гладкий - Янтарь";;;https://static.tildacdn.com/tild6262-6530-4663-a538-656630643335/2021-03-12_14-12-28.png;3400.00;;;"Коллекция:Листопад® гладкий;Цвет:Янтарь";;eDoRgkU3SyHO9exXGmSH;513318021101;0;0;0;0
342492697001;;;;"Квадрум - Б.7.К.8";"Квадрат (Б.7.К.8) Гладкий Осень";"Размер плитки 600x600 мм<br />Толщина 80 мм";"Квадрат (Б.7.К.8)<br /><br />Размер 600x600 мм<br />Толщина 80 мм<br /><br /><ul><li>ГОСТ 17608-2017</li><li>Класс бетона изделий по прочности на сжатие: B30</li><li>Водопоглощение не более 6%</li><li>Марка по истираемости G1</li></ul>Мы гарантируем точность соблюдения технологии производства и как следствие, высокое качество продукции.<br /><br />На паллете – 7,2 м2<br /><br /><strong>Стоимость указана за 1 кв.м. без учета доставки от завода производителя</strong>";https://static.tildacdn.com/tild3639-3965-4536-a232-393164666232/2021-03-12_14-16-28.png;;;;;;fyeAtXdlU1U6ygnpBr5K;;0;0;0;0
623825851231;;;;;"Квадрат (Б.7.К.8) Гладкий Осень - Листопад® гладкий - Осень";;;https://static.tildacdn.com/tild3639-3965-4536-a232-393164666232/2021-03-12_14-16-28.png;3400.00;;;"Коллекция:Листопад® гладкий;Цвет:Осень";;PKvbDuFzFAyR0OgiCa0K;342492697001;0;0;0;0
407484347231;;;;"Квадрум - Б.7.К.8";"Квадрат (Б.7.К.8) Гладкий Антрацит";"Размер плитки 600x600 мм<br />Толщина 80 мм";"Квадрат (Б.7.К.8)<br /><br />Размер 600x600 мм<br />Толщина 80 мм<br /><br /><ul><li>ГОСТ 17608-2017</li><li>Класс бетона изделий по прочности на сжатие: B30</li><li>Марка бетона по морозостойкости F₂200</li><li>Водопоглощение не более 6%</li><li>Марка по истираемости G1</li></ul>Мы гарантируем точность соблюдения технологии производства и как следствие, высокое качество продукции.<br /><br />На паллете – 7,2 м2<br /><br /><strong>Стоимость указана за 1 кв.м. без учета доставки от завода производителя</strong>";https://static.tildacdn.com/tild6331-3063-4333-a431-656138323835/2021-03-12_14-15-35.png;;;;;;C2sSxXiy3AxArrY1cMvY;;0;0;0;0
191484550211;;;;;"Квадрат (Б.7.К.8) Гладкий Антрацит - Листопад® гладкий - Антрацит";;;https://static.tildacdn.com/tild6331-3063-4333-a431-656138323835/2021-03-12_14-15-35.png;3400.00;;;"Коллекция:Листопад® гладкий;Цвет:Антрацит";;Z78AbmmnEHbJkPKK0aPL;407484347231;0;0;0;0
637726547781;;;;"Квадрум - Б.7.К.8";"Квадрат (Б.7.К.8) Гладкий Старый замок";"Размер плитки 600x600 мм<br />Толщина 80 мм";"Квадрат (Б.7.К.8)<br /><br />Размер 600x600 мм<br />Толщина 80 мм<br /><br /><ul><li>ГОСТ 17608-2017</li><li>Класс бетона изделий по прочности на сжатие: B30</li><li>Марка бетона по морозостойкости F₂200</li><li>Водопоглощение не более 6%</li><li>Марка по истираемости G1</li></ul>Мы гарантируем точность соблюдения технологии производства и как следствие, высокое качество продукции.<br /><br />На паллете – 7,2 м2<br /><br /><strong>Стоимость указана за 1 кв.м. без учета доставки от завода производителя</strong>";https://static.tildacdn.com/tild3637-6230-4436-a636-343363666435/2021-03-12_14-14-39.png;;;;;;a0RZVaMOCJbtHzyI6Yv2;;0;0;0;0
598898616881;;;;;"Квадрат (Б.7.К.8) Гладкий Старый замок - Листопад® гладкий - Старый замок";;;https://static.tildacdn.com/tild3637-6230-4436-a636-343363666435/2021-03-12_14-14-39.png;3400.00;;;"Коллекция:Листопад® гладкий;Цвет:Старый замок";;ENuX0M2EKnx9mLCOmV4F;637726547781;0;0;0;0
608235465821;;;;"Квадрум - Б.7.К.8";"Квадрат (Б.7.К.8) Гладкий Клинкер";"Размер плитки 600x600 мм<br />Толщина 80 мм";"Квадрат (Б.7.К.8)<br /><br />Размер 600x600 мм<br />Толщина 80 мм<br /><br /><ul><li>ГОСТ 17608-2017</li><li>Класс бетона изделий по прочности на сжатие: B30</li><li>Марка бетона по морозостойкости F₂200</li><li>Водопоглощение не более 6%</li><li>Марка по истираемости G1</li></ul>Мы гарантируем точность соблюдения технологии производства и как следствие, высокое качество продукции.<br /><br />На паллете – 7,2 м2<br /><br /><strong>Стоимость указана за 1 кв.м. без учета доставки от завода производителя</strong>";https://static.tildacdn.com/tild3139-3333-4637-b836-383837343234/2021-03-12_14-13-43.png;;;;;;H8Fx7fY7iZiTF9NCd6xV;;0;0;0;0
552195084811;;;;;"Квадрат (Б.7.К.8) Гладкий Клинкер - Листопад® гладкий - Клинкер";;;https://static.tildacdn.com/tild3139-3333-4637-b836-383837343234/2021-03-12_14-13-43.png;3400.00;;;"Коллекция:Листопад® гладкий;Цвет:Клинкер";;ZEsgIS5I5IvKvVR0X7ge;608235465821;0;0;0;0
986325276981;;;;"Квадрум - Б.7.К.8";"Квадрат (Б.7.К.8) Гранит Янтарь";"Размер плитки 600x600 мм<br />Толщина 80 мм";"Квадрат (Б.7.К.8)<br /><br />Размер 600x600 мм<br />Толщина 80 мм<br /><br /><ul><li>ГОСТ 17608-2017</li><li>Класс бетона изделий по прочности на сжатие: B30</li><li>Марка бетона по морозостойкости F₂200</li><li>Водопоглощение не более 6%</li><li>Марка по истираемости G1</li></ul>Мы гарантируем точность соблюдения технологии производства и как следствие, высокое качество продукции.<br /><br />На паллете – 7,2 м2<br /><br /><strong>Стоимость указана за 1 кв.м. без учета доставки от завода производителя</strong>";https://static.tildacdn.com/tild6262-6530-4663-a538-656630643335/2021-03-12_14-12-28.png;;;;;;kstmAxMPYNctTCUrCk8k;;0;0;0;0
623317566071;;;;;"Квадрат (Б.7.К.8) Гранит Янтарь - Листопад® гранит - Янтарь";;;https://static.tildacdn.com/tild6262-6530-4663-a538-656630643335/2021-03-12_14-12-28.png;3900.00;;;"Коллекция:Листопад® гранит;Цвет:Янтарь";;BN4GmaE29OX8zGFY91zA;986325276981;0;0;0;0
133310570661;;;;"Квадрум - Б.7.К.8";"Квадрат (Б.7.К.8) Гранит Клинкер";"Размер плитки 600x600 мм<br />Толщина 80 мм";"Квадрат (Б.7.К.8)<br /><br />Размер 600x600 мм<br />Толщина 80 мм<br /><br /><ul><li>ГОСТ 17608-2017</li><li>Класс бетона изделий по прочности на сжатие: B30</li><li>Марка бетона по морозостойкости F₂200</li><li>Водопоглощение не более 6%</li><li>Марка по истираемости G1</li></ul>Мы гарантируем точность соблюдения технологии производства и как следствие, высокое качество продукции.<br /><br />На паллете – 7,2 м2<br /><br /><strong>Стоимость указана за 1 кв.м. без учета доставки от завода производителя</strong>";https://static.tildacdn.com/tild3139-3333-4637-b836-383837343234/2021-03-12_14-13-43.png;;;;;;KnVjH2F5Y6PPRns5Zjnm;;0;0;0;0
589229818891;;;;;"Квадрат (Б.7.К.8) Гранит Клинкер - Листопад® гранит - Клинкер";;;https://static.tildacdn.com/tild3139-3333-4637-b836-383837343234/2021-03-12_14-13-43.png;3900.00;;;"Коллекция:Листопад® гранит;Цвет:Клинкер";;oUoe2eJ0Pf1vFPnCxcpr;133310570661;0;0;0;0
497801325851;;;;"Квадрум - Б.7.К.8";"Квадрат (Б.7.К.8) Гранит Старый замок";"Размер плитки 600x600 мм<br />Толщина 80 мм";"Квадрат (Б.7.К.8)<br /><br />Размер 600x600 мм<br />Толщина 80 мм<br /><br /><ul><li>ГОСТ 17608-2017</li><li>Класс бетона изделий по прочности на сжатие: B30</li><li>Марка бетона по морозостойкости F₂200</li><li>Водопоглощение не более 6%</li><li>Марка по истираемости G1</li></ul>Мы гарантируем точность соблюдения технологии производства и как следствие, высокое качество продукции.<br /><br />На паллете – 7,2 м2<br /><br /><strong>Стоимость указана за 1 кв.м. без учета доставки от завода производителя</strong>";https://static.tildacdn.com/tild3637-6230-4436-a636-343363666435/2021-03-12_14-14-39.png;;;;;;2JFaXAeMb11f4fI7Zrtj;;0;0;0;0
794164731131;;;;;"Квадрат (Б.7.К.8) Гранит Старый замок - Листопад® гранит - Старый замок";;;https://static.tildacdn.com/tild3637-6230-4436-a636-343363666435/2021-03-12_14-14-39.png;3900.00;;;"Коллекция:Листопад® гранит;Цвет:Старый замок";;cMVGlIYnFAo0O2TF8Njl;497801325851;0;0;0;0
206972992181;;;;"Квадрум - Б.7.К.8";"Квадрат (Б.7.К.8) Гранит Осень";"Размер плитки 600x600 мм<br />Толщина 80 мм";"Квадрат (Б.7.К.8)<br /><br />Размер 600x600 мм<br />Толщина 80 мм<br /><br /><ul><li>ГОСТ 17608-2017</li><li>Класс бетона изделий по прочности на сжатие: B30</li><li>Марка бетона по морозостойкости F₂200</li><li>Водопоглощение не более 6%</li><li>Марка по истираемости G1</li></ul>Мы гарантируем точность соблюдения технологии производства и как следствие, высокое качество продукции.<br /><br />На паллете – 7,2 м2<br /><br /><strong>Стоимость указана за 1 кв.м. без учета доставки от завода производителя</strong>";https://static.tildacdn.com/tild3639-3965-4536-a232-393164666232/2021-03-12_14-16-28.png;;;;;;zSXISUoDG66USHPsbNM2;;0;0;0;0
284032931591;;;;;"Квадрат (Б.7.К.8) Гранит Осень - Листопад® гранит - Осень";;;https://static.tildacdn.com/tild3639-3965-4536-a232-393164666232/2021-03-12_14-16-28.png;3900.00;;;"Коллекция:Листопад® гранит;Цвет:Осень";;JNIKB7CSjdi8JOrOV0PN;206972992181;0;0;0;0
925577233601;;;;"Квадрум - Б.7.К.8";"Квадрат (Б.7.К.8) Гранит Хаски";"Размер плитки 600x600 мм<br />Толщина 80 мм";"КВАДРУМ - Б.7.К.8<br /><br />Размер 600x600 мм<br />Толщина 80 мм<br /><br /><ul><li>ГОСТ 17608-2017</li><li>Класс бетона изделий по прочности на сжатие: B30</li><li>Марка бетона по морозостойкости F₂200</li><li>Водопоглощение не более 6%</li><li>Марка по истираемости G1</li></ul>Мы гарантируем точность соблюдения технологии производства и как следствие, высокое качество продукции.<br /><br />На паллете – 7,2 м2<br /><br /><strong>Стоимость указана за 1 кв.м. без учета доставки от завода производителя</strong>";https://static.tildacdn.com/tild3733-6437-4139-b265-633866643233/2021-03-12_14-18-09.png;;;;;;AU6p7TN7tfHmP0irzF7k;;0;0;0;0
636293801461;;;;;"Квадрат (Б.7.К.8) Гранит Хаски - Листопад® гранит - Хаски";;;https://static.tildacdn.com/tild3733-6437-4139-b265-633866643233/2021-03-12_14-18-09.png;3900.00;;;"Коллекция:Листопад® гранит;Цвет:Хаски";;Cm9JG8kaNu0LSAt2mdmd;925577233601;0;0;0;0
501234888131;;;;"Квадрум - Б.7.К.8";"Квадрат (Б.7.К.8) Искусственный камень Базальт";"Размер плитки 600x600 мм<br />Толщина 80 мм";"Квадрат (Б.7.К.8)<br /><br />Размер 600x600 мм<br />Толщина 80 мм<br /><br /><ul><li>ГОСТ 17608-2017</li><li>Класс бетона изделий по прочности на сжатие: B30</li><li>Марка бетона по морозостойкости F₂200</li><li>Водопоглощение не более 6%</li><li>Марка по истираемости G1</li></ul>Мы гарантируем точность соблюдения технологии производства и как следствие, высокое качество продукции.<br /><br />На паллете – 7,2 м2<br /><br /><strong>Стоимость указана за 1 кв.м. без учета доставки от завода производителя</strong>";https://static.tildacdn.com/stor3330-6539-4262-b436-363032343039/23782198.jpg;;;;;;yf7FAJk698VfpshnVnsl;;0;0;0;0
159327906831;;;;;"Квадрат (Б.7.К.8) Искусственный камень Базальт - Искусственный камень - Базальт";;;https://static.tildacdn.com/stor3330-6539-4262-b436-363032343039/23782198.jpg;3850.00;;;"Коллекция:Искусственный камень;Цвет:Базальт";;BYSxkRkhJ0xyEUnc6AXJ;501234888131;0;0;0;0
300222179821;;;;"Квадрум - Б.7.К.8";"Квадрат (Б.7.К.8) Искусственный камень Степняк";"Размер плитки 600x600 мм<br />Толщина 80 мм";"Квадрат (Б.7.К.8)<br /><br />Размер 600x600 мм<br />Толщина 80 мм<br /><br /><ul><li>ГОСТ 17608-2017</li><li>Класс бетона изделий по прочности на сжатие: B30</li><li>Марка бетона по морозостойкости F₂200</li><li>Водопоглощение не более 6%</li><li>Марка по истираемости G1</li></ul>Мы гарантируем точность соблюдения технологии производства и как следствие, высокое качество продукции.<br /><br />На паллете – 7,2 м2<br /><br /><strong>Стоимость указана за 1 кв.м. без учета доставки от завода производителя</strong>";https://static.tildacdn.com/tild6139-6138-4933-a231-376664393331/2021-03-12_14-25-40.png;;;;;;8p8jo7OuRO9iafzhRTps;;0;0;0;0
186294085771;;;;;"Квадрат (Б.7.К.8) Искусственный камень Степняк - Искусственный камень - Степняк";;;https://static.tildacdn.com/tild6139-6138-4933-a231-376664393331/2021-03-12_14-25-40.png;3850.00;;;"Коллекция:Искусственный камень;Цвет:Степняк";;hJ1Pe3OeTAaTofttBrI9;300222179821;0;0;0;0
803248215851;;;;"Квадрум - Б.7.К.8";"Квадрат (Б.7.К.8) Искусственный камень Доломит";"Размер плитки 600x600 мм<br />Толщина 80 мм";"Квадрат (Б.7.К.8)<br /><br />Размер 600x600 мм<br />Толщина 80 мм<br /><br /><ul><li>ГОСТ 17608-2017</li><li>Класс бетона изделий по прочности на сжатие: B30</li><li>Марка бетона по морозостойкости F₂200</li><li>Водопоглощение не более 6%</li><li>Марка по истираемости G1</li></ul>Мы гарантируем точность соблюдения технологии производства и как следствие, высокое качество продукции.<br /><br />На паллете – 7,2 м2<br /><br /><strong>Стоимость указана за 1 кв.м. без учета доставки от завода производителя</strong>";https://static.tildacdn.com/stor3563-6264-4661-b438-663630643730/18511654.jpg;;;;;;avpIgsa4eEkUMXyhr0jY;;0;0;0;0
983033255181;;;;;"Квадрат (Б.7.К.8) Искусственный камень Доломит - Искусственный камень - Доломит";;;https://static.tildacdn.com/stor3563-6264-4661-b438-663630643730/18511654.jpg;3850.00;;;"Коллекция:Искусственный камень;Цвет:Доломит";;4dYa9npMhCZYGJPzbNSs;803248215851;0;0;0;0
118575153231;;;;"Квадрум - Б.7.К.8";"Квадрат (Б.7.К.8) Искусственный камень Шунгит";"Размер плитки 600x600 мм<br />Толщина 80 мм";"Квадрат (Б.7.К.8)<br /><br />Размер 600x600 мм<br />Толщина 80 мм<br /><br /><ul><li>ГОСТ 17608-2017</li><li>Класс бетона изделий по прочности на сжатие: B30</li><li>Марка бетона по морозостойкости F₂200</li><li>Водопоглощение не более 6%</li><li>Марка по истираемости G1</li></ul>Мы гарантируем точность соблюдения технологии производства и как следствие, высокое качество продукции.<br /><br />На паллете – 7,2 м2<br /><br /><strong>Стоимость указана за 1 кв.м. без учета доставки от завода производителя</strong>";https://static.tildacdn.com/stor3561-6439-4838-b363-663736363531/10400605.jpg;;;;;;z9HnV0YLN5SphX8apYuA;;0;0;0;0
465402010301;;;;;"Квадрат (Б.7.К.8) Искусственный камень Шунгит - Искусственный камень - Шунгит";;;https://static.tildacdn.com/stor3561-6439-4838-b363-663736363531/10400605.jpg;3850.00;;;"Коллекция:Искусственный камень;Цвет:Шунгит";;v1LZ9xGUMXatabdEt80v;118575153231;0;0;0;0
130968419171;;;;"Квадрум - Б.7.К.8";"Квадрат (Б.7.К.8) Стоунмикс Белый";"Размер плитки 600x600 мм<br />Толщина 80 мм";"Квадрат (Б.7.К.8)<br /><br />Размер 600x600 мм<br />Толщина 80 мм<br /><br /><ul><li>ГОСТ 17608-2017</li><li>Класс бетона изделий по прочности на сжатие: B30</li><li>Марка бетона по морозостойкости F₂200</li><li>Водопоглощение не более 6%</li><li>Марка по истираемости G1</li></ul>Мы гарантируем точность соблюдения технологии производства и как следствие, высокое качество продукции.<br /><br />На паллете – 7,2 м2<br /><br /><strong>Стоимость указана за 1 кв.м. без учета доставки от завода производителя</strong>";https://static.tildacdn.com/tild6339-3161-4464-b832-346434653761/2021-03-12_14-28-06.png;;;;;;7hlcyPtF0GDNVKgrx0OS;;0;0;0;0
142010987691;;;;;"Квадрат (Б.7.К.8) Стоунмикс Белый - Стоунмикс - Белый";;;https://static.tildacdn.com/tild6339-3161-4464-b832-346434653761/2021-03-12_14-28-06.png;4550.00;;;"Коллекция:Стоунмикс;Цвет:Белый";;ndlaU5G6agPldObpveh4;130968419171;0;0;0;0
733590013631;;;;"Квадрум - Б.7.К.8";"Квадрат (Б.7.К.8) Стоунмикс Черный";"Размер плитки 600x600 мм<br />Толщина 80 мм";"Квадрат (Б.7.К.8)<br /><br />Размер 600x600 мм<br />Толщина 80 мм<br /><br /><ul><li>ГОСТ 17608-2017</li><li>Класс бетона изделий по прочности на сжатие: B30</li><li>Марка бетона по морозостойкости F₂200</li><li>Водопоглощение не более 6%</li><li>Марка по истираемости G1</li></ul>Мы гарантируем точность соблюдения технологии производства и как следствие, высокое качество продукции.<br /><br />На паллете – 7,2 м2<br /><br /><strong>Стоимость указана за 1 кв.м. без учета доставки от завода производителя</strong>";https://static.tildacdn.com/tild3838-6466-4134-b730-646635376331/2021-03-12_14-29-55.png;;;;;;mpxxDtF6jlGTVkGNfaHv;;0;0;0;0
171051035701;;;;;"Квадрат (Б.7.К.8) Стоунмикс Черный - Стоунмикс - Чёрный";;;https://static.tildacdn.com/tild3838-6466-4134-b730-646635376331/2021-03-12_14-29-55.png;4550.00;;;"Коллекция:Стоунмикс;Цвет:Чёрный";;ixngzi6l99gjaOUZ3shs;733590013631;0;0;0;0
762369026441;;;;"Квадрум - Б.7.К.8";"Квадрат (Б.7.К.8) Стоунмикс Бело-Черный";"Размер плитки 600x600 мм<br />Толщина 80 мм";"Квадрат (Б.7.К.8)<br /><br />Размер 600x600 мм<br />Толщина 80 мм<br /><br /><ul><li>ГОСТ 17608-2017</li><li>Класс бетона изделий по прочности на сжатие: B30</li><li>Марка бетона по морозостойкости F₂200</li><li>Водопоглощение не более 6%</li><li>Марка по истираемости G1</li></ul>Мы гарантируем точность соблюдения технологии производства и как следствие, высокое качество продукции.<br /><br />На паллете – 7,2 м2<br /><br /><strong>Стоимость указана за 1 кв.м. без учета доставки от завода производителя</strong>";https://static.tildacdn.com/tild3663-3330-4632-b966-303936333063/2021-03-12_14-29-02.png;;;;;;Ff6tAAi1HkDoPU9JEXK0;;0;0;0;0
599513492021;;;;;"Квадрат (Б.7.К.8) Стоунмикс Бело-Черный - Стоунмикс - Бело-черный";;;https://static.tildacdn.com/tild3663-3330-4632-b966-303936333063/2021-03-12_14-29-02.png;4550.00;;;"Коллекция:Стоунмикс;Цвет:Бело-черный";;7CBkFDjEvtPn8dKIa7JZ;762369026441;0;0;0;0
281744018451;;;;"Газонная решетка - Б.1.ГР.8";"Газонная решетка (Б.1.ГР.8) Стандарт Серый";"Размер плитки 600x400 мм<br />Толщина 80 мм";"ГАЗОННАЯ РЕШЕТКА - Б.1.ГР.8<br /><br />С помощью газонных решеток успешно реша­ется одна из наиболее серьезных задач при обустройстве территории — гармоничное экологическое соседство хозяйственной и индустриальной деятельности человека с окружающей средой представлена у нас в огромном спектре различных цветов. <br /><br />Размер 600х400 мм <br />Толщина 80 мм <br /><br />ГОСТ 17608-2017 <br /><br /><ul><li data-list=""bullet"">Класс бетона изделий по прочности на сжатие: В25</li><li data-list=""bullet"">Марка бетона по морозостойкости F₂200</li><li data-list=""bullet"">Водопоглощение не более 6%</li><li data-list=""bullet"">Марка по истираемости G</li></ul>Мы гарантируем точность соблюдения технологии производства и как следствие, высокое качество продукции. <br /><br />На паллете – 9,6 м2 <br /><br /><strong>Стоимость указана за 1 кв.м. без учета доставки от завода производителя </strong>";https://static.tildacdn.com/stor6231-6236-4539-b035-666265626163/892907533f87c0e52d4322c33866e991.jpg;;;;;;XyKKSjgKche21FAeb96i;;0;0;0;0
203285880081;;;;;"Газонная решетка (Б.1.ГР.8) Стандарт Серый - Стандарт - Серый";;;https://static.tildacdn.com/stor6231-6236-4539-b035-666265626163/892907533f87c0e52d4322c33866e991.jpg;1450.00;;;"Коллекция:Стандарт;Цвет:Серый";;n6SaLP0rk2iekmI967il;281744018451;0;0;0;0
465361918321;;;;"Газонная решетка - Б.1.ГР.8";"Газонная решетка (Б.1.ГР.8) Стандарт Черный";"Размер плитки 600x400 мм<br />Толщина 80 мм";"ГАЗОННАЯ РЕШЕТКА - Б.1.ГР.8<br /><br />С помощью газонных решеток успешно реша­ется одна из наиболее серьезных задач при обустройстве территории — гармоничное экологическое соседство хозяйственной и индустриальной деятельности человека с окружающей средой представлена у нас в огромном спектре различных цветов.<br /><br />Размер 600х400 мм<br />Толщина 80 мм<br /><br />ГОСТ 17608-2017<br /><br /><ul><li data-list=""bullet"">Класс бетона изделий по прочности на сжатие: В25</li><li data-list=""bullet"">Марка бетона по морозостойкости F₂200</li><li data-list=""bullet"">Водопоглощение не более 6%</li><li data-list=""bullet"">Марка по истираемости G</li></ul>Мы гарантируем точность соблюдения технологии производства и как следствие, высокое качество продукции.<br /><br />На паллете – 9,6 м2<br /><br /><strong>Стоимость указана за 1 кв.м. без учета доставки от завода производителя</strong>";https://static.tildacdn.com/tild3239-6564-4234-b266-376564316331/2021-03-12_15-11-12.png;;;;;;2UbACXobmeCv54skr6tt;;0;0;0;0
842969383491;;;;;"Газонная решетка (Б.1.ГР.8) Стандарт Черный - Стандарт - Чёрный";;;https://static.tildacdn.com/tild3239-6564-4234-b266-376564316331/2021-03-12_15-11-12.png;1800.00;;;"Коллекция:Стандарт;Цвет:Чёрный";;PTg6zhXURsMRv4geeyoV;465361918321;0;0;0;0
381497876531;;;;"Терминальный камень";"Терминальный камень Трилистник​";"Размер плитки183х183 мм<br />Толщина 100 мм";"<br />Терминальный камень Трилистник<br /><br />Размер 183х183 мм <br />Толщина 100 мм <br /><br />Камень характеризуется низкой истираемостью и особой устойчивостью к температурным воздействиям - мощение способно выдержать до 300 циклов заморозки/оттаивания без утраты основных эксплуатационных характеристик и внешнего вида; показатель водопоглощения не превышает 5%. <br />Камень терминальный серии ""Трилистник"" используется для мощения особо нагруженных территорий. <br />Плитка высотой 10 см способна распределять нагрузку на лежащие ниже слои основания дорожного покрытия за счет действующих по их боковым граням сил трения. <br /><br />ГОСТ 17608-2017 <br /><ul><li data-list=""bullet"">Класс бетона изделий по прочности на сжатие: <strong>B40</strong></li><li data-list=""bullet"">Марка бетона по морозостойкости F₂ 300</li><li data-list=""bullet"">Водопоглощение не более 5%</li><li data-list=""bullet"">Марка по истираемости G1</li><li data-list=""bullet"">Масса - 6кг</li><li data-list=""bullet"">На паллете - 324шт</li><li data-list=""bullet"">В 1 м2 - 38,5 шт</li></ul>Мы гарантируем точность соблюдения технологии производства и как следствие, высокое качество продукции. <br /><br />На паллете – 8,42 м2 <br /><br /><strong>Стоимость указана за 1 кв.м. без учета доставки от завода производителя </strong>";https://static.tildacdn.com/tild3439-3036-4635-b130-363732666230/01.jpg;;;;;;2teyLC4eITFgNrvi7Xyf;;0;0;0;0
956235240381;;;;;"Терминальный камень Трилистник​ - Стандарт - Серый";;;https://static.tildacdn.com/tild3439-3036-4635-b130-363732666230/01.jpg;2500.00;;;"Коллекция:Стандарт;Цвет:Серый";;5ucozaufJD3Czjs2HDgY;381497876531;0;0;0;0
374210171451;;;;"Мегаполис PRO 2П.10 (Б.15.П.10)";"Мегаполис PRO (Б.15.П.10) Cерый";"Размер плиты 900x300x100 мм";"Мегаполис PRO (Б.15.П.10)<br /><br /><p style=""text-align: left;"">Тротуарные плиты<strong> Мегаполис PRO (арт. Б.15.П.10) размером 900х300х100 мм </strong>предназначены для мощения общественных пространств, площадей, проектов социальной инфраструктуры. <strong>Усиленная толщина изделий - 100 мм - придает им особую прочность и износостойкость</strong>, позволяет использовать их для мощения территорий, рассчитанных на заезд и передвижение автомобильного транспорта.</p><p style=""text-align: left;"">Мощение, выполненное при помощи крупноформатных плит, выглядит масштабно и основательно, органично вписываясь в современный урбанистический стиль архитектуры.</p><br />Размер 900x300x100 мм <br /><br /><ul><li data-list=""bullet"">ГОСТ 17608-2017</li><li data-list=""bullet"">Класс бетона изделий по прочности на сжатие: B30</li><li data-list=""bullet"">Марка бетона по морозостойкости F₂200</li><li data-list=""bullet"">Водопоглощение не более 6%</li><li data-list=""bullet"">Марка по истираемости G</li></ul>Мы гарантируем точность соблюдения технологии производства и как следствие, высокое качество продукции. <br /><br />На паллете – 8,64 м2 <br /><br /><strong>Стоимость указана за 1 кв.м. без учета доставки от завода производителя </strong>";https://static.tildacdn.com/tild3032-6462-4463-a462-623130386338/02.jpg;;;;;;8f4fs0EAZyhx8StxsE0J;;0;0;0;0
145500891851;;;;;"Мегаполис PRO (Б.15.П.10) Cерый - Стандарт - Серый";;;https://static.tildacdn.com/tild3032-6462-4463-a462-623130386338/02.jpg;2900.00;;;"Коллекция:Стандарт;Цвет:Серый";;AJ1U765lh4lHlVErMnVB;374210171451;0;0;0;0
961536671521;;;;"Мегаполис Б.5.П.8";"Мегаполис (Б.5.П.8) Стандарт Серый";"Размер плиты 600x300x80 мм";"Мегаполис Б.5.П.8<br /><br />Размер 600x300x80 мм<br /><ul><li>ГОСТ 17608-2017</li><li>Класс бетона изделий по прочности на сжатие: B30</li><li>Марка бетона по морозостойкости F₂200</li><li>Водопоглощение не более 6%</li><li>Марка по истираемости G1</li></ul><br />Серия Б.5.П.8 ""Мегаполис"" отличается большим размером плит - 600х300х80мм. Это идеальное решение для благоустройства городских площадей, пешеходных и парковочных зон, дорожек в скверах и парках.<br /><br />Мы гарантируем точность соблюдения технологии производства и как следствие, высокое качество продукции. <br /><br />На паллете – 10,8 м2 <br /><br /><strong>Стоимость указана за 1 кв.м. без учета доставки от завода производителя </strong>";https://static.tildacdn.com/tild3937-3430-4361-a333-306562373162/01.jpg;;;;;;Xb2Lr6yfmCoU2NGeBoya;;0;0;0;0
563712289781;;;;;"Мегаполис (Б.5.П.8) Стандарт Серый - Стандарт - Серый";;;https://static.tildacdn.com/tild3937-3430-4361-a333-306562373162/01.jpg;1850.00;;;"Коллекция:Стандарт;Цвет:Серый";;29cuhAAMKg1YfPL9xSdN;961536671521;0;0;0;0
750588363241;;;;"Мегаполис Б.5.П.8";"Мегаполис (Б.5.П.8) гладкий Хаски";"Размер плиты 600x300x80 мм";"Мегаполис Б.5.П.8<br /><br />Размер 600x300x80 мм<br /><ul><li>ГОСТ 17608-2017</li><li>Класс бетона изделий по прочности на сжатие: B30</li><li>Марка бетона по морозостойкости F₂200</li><li>Водопоглощение не более 6%</li><li>Марка по истираемости G1</li></ul><br /><p style=""text-align: left;"">Тротуарные плиты ""Мегаполис"" (""Прямоугольник"" Б.5.П.8), коллекция -#nbsp;Листопад гладкий, цвет - Хаски.</p><p style=""text-align: left;"">Серия Б.5.П.8 ""Мегаполис"" отличается большим размером плит - 600х300х80мм. Это идеальное решение для благоустройства городских площадей, пешеходных и парковочных зон, дорожек в скверах и парках.</p><p style=""text-align: left;"">Коллекция ""Листопад гладкий"" выполнена в оригинальной цветовой гамме, достигнутой путем смешивания нескольких оттенков бетонной смеси в фактурном слое изделия.</p><p style=""text-align: left;"">Соответствуют ГОСТ 17608-2017.</p><br />Мы гарантируем точность соблюдения технологии производства и как следствие, высокое качество продукции.<br /><br />На паллете – 10,8 м2<br /><br /><strong>Стоимость указана за 1 кв.м. без учета доставки от завода производителя</strong>";https://static.tildacdn.com/tild3163-3935-4563-b938-306237363432/01.jpg;;;;;;NuE7AUJ4oCKi48IkiHiV;;0;0;0;0
174702469561;;;;;"Мегаполис (Б.5.П.8) гладкий Хаски - Листопад® гладкий - Хаски";;;https://static.tildacdn.com/tild3163-3935-4563-b938-306237363432/01.jpg;3400.00;;;"Коллекция:Листопад® гладкий;Цвет:Хаски";;Bffor1X6JaAhJ7hJRobp;750588363241;0;0;0;0
641985608271;;;;"Мегаполис Б.5.П.8";"Мегаполис (Б.5.П.8) гладкий Клинкер";"Размер плиты 600x300x80 мм";"Мегаполис Б.5.П.8<br /><br />Размер 600x300x80 мм<br /><ul><li data-list=""bullet"">ГОСТ 17608-2017</li><li data-list=""bullet"">Класс бетона изделий по прочности на сжатие: В30</li><li data-list=""bullet"">Марка бетона по морозостойкости F₂200</li><li data-list=""bullet"">Водопоглощение не более 6%</li><li data-list=""bullet"">Марка по истираемости G1</li></ul><br /><p style=""text-align: left;"">Тротуарные плиты ""Мегаполис"" (""Прямоугольник"" Б.5.П.8), коллекция -#nbsp;Листопад гладкий, цвет - Клинкер.</p><p style=""text-align: left;"">Серия Б.5.П.8 ""Мегаполис"" отличается большим размером плит - 600х300х80мм. Это идеальное решение для благоустройства городских площадей, пешеходных и парковочных зон, дорожек в скверах и парках.</p><p style=""text-align: left;"">Коллекция ""Листопад гладкий"" выполнена в оригинальной цветовой гамме, достигнутой путем смешивания нескольких оттенков бетонной смеси в фактурном слое изделия.</p><br />Мы гарантируем точность соблюдения технологии производства и как следствие, высокое качество продукции.<br /><br />На паллете – 10,8 м2<br /><br /><strong>Стоимость указана за 1 кв.м. без учета доставки от завода производителя</strong>";https://static.tildacdn.com/stor3730-6334-4561-b831-353164383965/36247536.jpg;;;;;;SMVY8a8hUIp28E9AeHkP;;0;0;0;0
966004136691;;;;;"Мегаполис (Б.5.П.8) гладкий Клинкер - Листопад® гладкий - Клинкер";;;https://static.tildacdn.com/stor3730-6334-4561-b831-353164383965/36247536.jpg;3400.00;;;"Коллекция:Листопад® гладкий;Цвет:Клинкер";;bE1ER0s4lndX7TpU1sed;641985608271;0;0;0;0
636046862851;;;;"Мегаполис Б.5.П.8";"Мегаполис (Б.5.П.8) гладкий Янтарь";"Размер плиты 600x300x80 мм";"Мегаполис Б.5.П.8<br /><br />Размер 600x300x80 мм<br /><ul><li data-list=""bullet"">ГОСТ 17608-2017</li><li data-list=""bullet"">Класс бетона изделий по прочности на сжатие: B30</li><li data-list=""bullet"">Марка бетона по морозостойкости F₂200</li><li data-list=""bullet"">Водопоглощение не более 6%</li><li data-list=""bullet"">Марка по истираемости G1</li></ul><br /><p style=""text-align: left;"">Тротуарные плиты ""Мегаполис"" (""Прямоугольник"" Б.5.П.8), коллекция -#nbsp;Листопад гладкий, цвет - Янтарь.</p><p style=""text-align: left;"">Серия Б.5.П.8 ""Мегаполис"" отличается большим размером плит - 600х300х80мм. Это идеальное решение для благоустройства городских площадей, пешеходных и парковочных зон, дорожек в скверах и парках.</p><p style=""text-align: left;"">Коллекция ""Листопад гладкий"" выполнена в оригинальной цветовой гамме, достигнутой путем смешивания нескольких оттенков бетонной смеси в фактурном слое изделия.</p><br />На паллете – 10,8 м2<br /><br /><strong>Стоимость указана за 1 кв.м. без учета доставки от завода производителя</strong>";https://static.tildacdn.com/tild3836-3361-4236-a330-636364633063/03.jpg;;;;;;0C78IrKh55nyj1vsMxJS;;0;0;0;0
387769037921;;;;;"Мегаполис (Б.5.П.8) гладкий Янтарь - Листопад® гладкий - Янтарь";;;https://static.tildacdn.com/tild3836-3361-4236-a330-636364633063/03.jpg;3400.00;;;"Коллекция:Листопад® гладкий;Цвет:Янтарь";;RyIPVJSnoZGHzp32zaTl;636046862851;0;0;0;0
970454040041;;;;"Мегаполис Б.5.П.8";"Мегаполис (Б.5.П.8) гладкий Песчаник";"Размер плиты 600x300x80 мм";"Мегаполис Б.5.П.8<br /><br />Размер 600x300x80 мм<br /><ul><li>ГОСТ 17608-2017</li><li>Класс бетона изделий по прочности на сжатие: B30</li><li>Марка бетона по морозостойкости F₂200</li><li>Водопоглощение не более 6%</li><li>Марка по истираемости G1</li></ul><br />Серия Б.5.П.8 ""Мегаполис"" отличается большим размером плит - 600х300х80мм. Это идеальное решение для благоустройства городских площадей, пешеходных и парковочных зон, дорожек в скверах и парках.<br /><br />Мы гарантируем точность соблюдения технологии производства и как следствие, высокое качество продукции.<br /><br />На паллете – 10,8 м2<br /><br /><strong>Стоимость указана за 1 кв.м. без учета доставки от завода производителя</strong>";https://static.tildacdn.com/tild6238-3265-4466-a266-323937313835/photo.jpg;;;;;;UsGi25kfZOkuZLeyvJR9;;0;0;0;0
993088171221;;;;;"Мегаполис (Б.5.П.8) гладкий Песчаник - Листопад® гладкий - Песчаник";;;https://static.tildacdn.com/tild6238-3265-4466-a266-323937313835/photo.jpg;3400.00;;;"Коллекция:Листопад® гладкий;Цвет:Песчаник";;axlxnyHJgcBv382SU6sR;970454040041;0;0;0;0
962349606121;;;;"Мегаполис Б.5.П.8";"Мегаполис (Б.5.П.8) гладкий Антрацит";"Размер плиты 600x300x80 мм";"Мегаполис Б.5.П.8<br /><br />Размер 600x300x80 мм<br /><ul><li>ГОСТ 17608-2017</li><li>Класс бетона изделий по прочности на сжатие: B30</li><li>Марка бетона по морозостойкости F₂200</li><li>Водопоглощение не более 6%</li><li>Марка по истираемости G1</li></ul><br />Серия Б.5.П.8 ""Мегаполис"" отличается большим размером плит - 600х300х80мм. Это идеальное решение для благоустройства городских площадей, пешеходных и парковочных зон, дорожек в скверах и парках.<br /><br />Мы гарантируем точность соблюдения технологии производства и как следствие, высокое качество продукции.<br /><br />На паллете – 10,8 м2<br /><br /><strong>Стоимость указана за 1 кв.м. без учета доставки от завода производителя</strong>";https://static.tildacdn.com/stor3635-3963-4565-b336-323664383066/31801920.jpg;;;;;;gioG8MLjonPtckThG6k9;;0;0;0;0
989718554421;;;;;"Мегаполис (Б.5.П.8) гладкий Антрацит - Листопад® гладкий - Антрацит";;;https://static.tildacdn.com/stor3635-3963-4565-b336-323664383066/31801920.jpg;3400.00;;;"Коллекция:Листопад® гладкий;Цвет:Антрацит";;DUcsXFLlcZEiEn14dFy9;962349606121;0;0;0;0
783112057621;;;;"Мегаполис Б.5.П.8";"Мегаполис (Б.5.П.8) Стоунмикс Бело-Черный";"Размер плиты 600x300x80 мм";"Мегаполис Б.5.П.8<br /><br />Размер 600x300x80 мм<br /><ul><li>ГОСТ 17608-2017</li><li>Класс бетона изделий по прочности на сжатие: B30</li><li>Марка бетона по морозостойкости F₂200</li><li>Водопоглощение не более 6%</li><li>Марка по истираемости G1</li></ul><br />Крупноформатная тротуарная плитка ""Мегаполис"" с декоративной шероховатой поверхностью Стоунмикс ""Мрамор"" имеет размер 600х300х80 мм. Предназначена для мощения пешеходных зон, проездов и мест парковки легкового автотранспорта. <br />Благородная фактура мрамора позволяет применять эти плиты для мощения исторических и современных объектов городской инфраструктуры, придавая роскошный и свежий вид окружающему пространству. <br />Соответствуют ГОСТ 17608-2017.<br /><br />Мы гарантируем точность соблюдения технологии производства и как следствие, высокое качество продукции.<br /><br />На паллете – 10,8 м2<br /><br /><strong>Стоимость указана за 1 кв.м. без учета доставки от завода производителя</strong>";https://static.tildacdn.com/tild6334-3564-4465-a561-313261383637/01.jpg;;;;;;oh0JeUogIpyRrThSzIC5;;0;0;0;0
103611953371;;;;;"Мегаполис (Б.5.П.8) Стоунмикс Бело-Черный - StoneMix - Бело-черный";;;https://static.tildacdn.com/tild6334-3564-4465-a561-313261383637/01.jpg;4550.00;;;"Коллекция:StoneMix;Цвет:Бело-черный";;RlPrHGE6Kof6cSyluVUe;783112057621;0;0;0;0
847606412111;;;;"Паркет Б.9.ПСМ.8";"Паркет (Б.9.Псм.8) Стандарт Серый";"Комплект из 4 плит: <br />480x160 мм, 360x160 мм, 480x110 мм, 360x110 мм<br />Толщина 80 мм";"Б.9.Псм.8<br /><br />Мультиформатные тротуарные плиты, имитирующие напольное покрытие “паркетная доска”. Выдерживают высокие нагрузки за счет толщины плит 80 мм.<br /><br />Комплект из 4 плит:<br />480x160 мм, 360x160 мм, 480x110 мм, 360x110 мм<br />ГОСТ 17608-2017 <br /><br /><ul><li>Класс бетона изделий по прочности на сжатие: В25</li><li>Марка бетона по морозостойкости F₂200</li><li>Водопоглощение не более 5%</li><li>Марка по истираемости G1</li></ul><br />Мы гарантируем точность соблюдения технологии производства и как следствие, высокое качество продукции.<br /><br />На паллете – 9,94 м2 <br /><br /><strong>Стоимость указана за 1 кв.м. без учета доставки от завода производителя </strong>";https://static.tildacdn.com/stor3133-6531-4264-b061-633634653866/63029982.jpg;;;;;;bY4CIBuSC3ZSVDZUUHak;;0;0;0;0
142460101511;;;;;"Паркет (Б.9.Псм.8) Стандарт Серый - Стандарт - Серый";;;https://static.tildacdn.com/stor3133-6531-4264-b061-633634653866/63029982.jpg;1850.00;;;"Коллекция:Стандарт;Цвет:Серый";;Yp6rL4UCI9F9vDMBl9nt;847606412111;0;0;0;0
876220130661;;;;"Паркет Б.9.ПСМ.8";"Паркет (Б.9.Псм.8) Стандарт Черный";"Комплект из 4 плит:<br />480x160 мм, 360x160 мм, 480x110 мм, 360x110 мм<br />Толщина 80 мм";"Паркет Б.9.Псм.8<br /><br />Мультиформатные тротуарные плиты, имитирующие напольное покрытие “паркетная доска”. Выдерживают высокие нагрузки за счет толщины плит 80 мм.<br /><br />Комплект из 4 плит:<br />480x160 мм, 360x160 мм, 480x110 мм, 360x110 мм<br />ГОСТ 17608-2017<br /><br /><ul><li>Класс бетона изделий по прочности на сжатие: В30</li><li>Марка бетона по морозостойкости F₂200</li><li>Водопоглощение не более 5%</li><li>Марка по истираемости G1</li></ul><br />Мы гарантируем точность соблюдения технологии производства и как следствие, высокое качество продукции.<br /><br />На паллете – 9,94 м2<br /><br /><strong>Стоимость указана за 1 кв.м. без учета доставки от завода производителя</strong>";https://static.tildacdn.com/stor3363-6135-4338-b734-316535393061/13071495.jpg;;;;;;vme09uSjvtSYIKGBCXcN;;0;0;0;0
113841944031;;;;;"Паркет (Б.9.Псм.8) Стандарт Черный - Стандарт - Чёрный";;;https://static.tildacdn.com/stor3363-6135-4338-b734-316535393061/13071495.jpg;2000.00;;;"Коллекция:Стандарт;Цвет:Чёрный";;O5c9uMsIHzNUX6K5lZkC;876220130661;0;0;0;0
927910575851;;;;"Паркет Б.9.ПСМ.8";"Паркет (Б.9.Псм.8) гладкий Янтарь";"Комплект из 4 плит:<br />480x160 мм, 360x160 мм, 480x110 мм, 360x110 мм<br />Толщина 80 мм";"Паркет Б.9.Псм.8<br /><br />Мультиформатные тротуарные плиты, имитирующие напольное покрытие “паркетная доска”. Выдерживают высокие нагрузки за счет толщины плит 80 мм.<br /><br />Комплект из 4 плит:<br />480x160 мм, 360x160 мм, 480x110 мм, 360x110 мм<br />ГОСТ 17608-2017<br /><br /><ul><li>Класс бетона изделий по прочности на сжатие: В30</li><li>Марка бетона по морозостойкости F₂200</li><li>Водопоглощение не более 5%</li><li>Марка по истираемости G1</li></ul><br />Мы гарантируем точность соблюдения технологии производства и как следствие, высокое качество продукции.<br /><br />На паллете – 9,94 м2<br /><br /><strong>Стоимость указана за 1 кв.м. без учета доставки от завода производителя</strong>";https://static.tildacdn.com/stor3134-3530-4034-a437-623433616263/13123623.jpg;;;;;;dYAzKlzG2OPk4NEueTs2;;0;0;0;0
597356669181;;;;;"Паркет (Б.9.Псм.8) гладкий Янтарь - Листопад® гладкий - Янтарь";;;https://static.tildacdn.com/stor3134-3530-4034-a437-623433616263/13123623.jpg;3200.00;;;"Коллекция:Листопад® гладкий;Цвет:Янтарь";;znA7VKoMhVttyynrzPVR;927910575851;0;0;0;0
393159233891;;;;"Паркет Б.9.ПСМ.8";"Паркет (Б.9.Псм.8) гладкий Песчаник";"Комплект из 4 плит:<br />480x160 мм, 360x160 мм, 480x110 мм, 360x110 мм<br />Толщина 80 мм";"Паркет Б.9.Псм.8<br /><br />Мультиформатные тротуарные плиты, имитирующие напольное покрытие “паркетная доска”. Выдерживают высокие нагрузки за счет толщины плит 80 мм.<br /><br />Комплект из 4 плит:<br />480x160 мм, 360x160 мм, 480x110 мм, 360x110 мм<br />ГОСТ 17608-2017<br /><br /><ul><li>Класс бетона изделий по прочности на сжатие: В30</li><li>Марка бетона по морозостойкости F₂200</li><li>Водопоглощение не более 5%</li><li>Марка по истираемости G1</li></ul><br />Мы гарантируем точность соблюдения технологии производства и как следствие, высокое качество продукции.<br /><br />На паллете – 9,94 м2<br /><br /><strong>Стоимость указана за 1 кв.м. без учета доставки от завода производителя</strong>";https://static.tildacdn.com/stor3761-3633-4561-b331-663532386339/70912802.jpg;;;;;;HEguFIkS65jnDbzMeoAF;;0;0;0;0
750115922701;;;;;"Паркет (Б.9.Псм.8) гладкий Песчаник - Листопад® гладкий - Песчаник";;;https://static.tildacdn.com/stor3761-3633-4561-b331-663532386339/70912802.jpg;3200.00;;;"Коллекция:Листопад® гладкий;Цвет:Песчаник";;hOHymmxJmIezlPtdLvlf;393159233891;0;0;0;0
274146910171;;;;"Паркет Б.9.ПСМ.8";"Паркет (Б.9.Псм.8) гладкий Антрацит";"Комплект из 4 плит:<br />480x160 мм, 360x160 мм, 480x110 мм, 360x110 мм<br />Толщина 80 мм";"Паркет Б.9.Псм.8<br /><br />Мультиформатные тротуарные плиты, имитирующие напольное покрытие “паркетная доска”. Выдерживают высокие нагрузки за счет толщины плит 80 мм.<br /><br />Комплект из 4 плит:<br />480x160 мм, 360x160 мм, 480x110 мм, 360x110 мм<br />ГОСТ 17608-2017<br /><br /><ul><li>Класс бетона изделий по прочности на сжатие: В30</li><li>Марка бетона по морозостойкости F₂200</li><li>Водопоглощение не более 5%</li><li>Марка по истираемости G1</li></ul><br />Мы гарантируем точность соблюдения технологии производства и как следствие, высокое качество продукции.<br /><br />На паллете – 9,94 м2<br /><br /><strong>Стоимость указана за 1 кв.м. без учета доставки от завода производителя</strong>";https://static.tildacdn.com/stor3133-3334-4865-b565-393738616330/95440539.jpg;;;;;;Yjog1o3dTpndk8yvt0SH;;0;0;0;0
505008567871;;;;;"Паркет (Б.9.Псм.8) гладкий Антрацит - Листопад® гладкий - Антрацит";;;https://static.tildacdn.com/stor3133-3334-4865-b565-393738616330/95440539.jpg;3200.00;;;"Коллекция:Листопад® гладкий;Цвет:Антрацит";;noOxf3UCablCazkFbImH;274146910171;0;0;0;0
139142513011;;;;"Паркет Б.9.ПСМ.8";"Паркет (Б.9.Псм.8) гладкий Клинкер";"Комплект из 4 плит:<br />480x160 мм, 360x160 мм, 480x110 мм, 360x110 мм<br />Толщина 80 мм";"Паркет Б.9.Псм.8<br /><br />Комплект из 4 плит:<br />480x160 мм, 360x160 мм, 480x110 мм, 360x110 мм<br />ГОСТ 17608-2017<br /><br /><ul><li data-list=""bullet"">Класс бетона изделий по прочности на сжатие: В30</li><li data-list=""bullet"">Марка бетона по морозостойкости F₂200</li><li data-list=""bullet"">Водопоглощение не более 5%</li><li data-list=""bullet"">Марка по истираемости G1</li></ul><br /><p style=""text-align: left;"">Тротуарная плитка ""Паркет"" Б.9.Псм.8, коллекция - Листопад гладкий, цвет - Клинкер.</p><p style=""text-align: left;"">Мультиформатные тротуарные плиты, имитирующие напольное покрытие “паркетная доска”. Выполнены в баварском стиле - уникальной цветовой гамме “Клинкер”, обладают изящной геометрией и выдерживают высокие нагрузки за счет толщины плит 80 мм.</p><br />Мы гарантируем точность соблюдения технологии производства и как следствие, высокое качество продукции.<br /><br />На паллете – 9,94 м2<br /><br /><strong>Стоимость указана за 1 кв.м. без учета доставки от завода производителя</strong>";https://static.tildacdn.com/tild3161-3338-4365-b035-306564633266/f16c67540cd033792623.jpg;;;;;;4peCvRKEjSbYBcbxJGIh;;0;0;0;0
488895212971;;;;;"Паркет (Б.9.Псм.8) гладкий Клинкер - Листопад® гладкий - Клинкер";;;https://static.tildacdn.com/tild3161-3338-4365-b035-306564633266/f16c67540cd033792623.jpg;3200.00;;;"Коллекция:Листопад® гладкий;Цвет:Клинкер";;cCErP1DDrK8VEI8CNvh8;139142513011;0;0;0;0
672176863871;;;;"Паркет Б.9.ПСМ.8";"Паркет (Б.9.Псм.8) StoneMix Бело-Черный";"Комплект из 4 плит:<br />480x160 мм, 360x160 мм, 480x110 мм, 360x110 мм<br />Толщина 80 мм";"Паркет Б.9.Псм.8<br /><br />Комплект из 4 плит:<br />480x160 мм, 360x160 мм, 480x110 мм, 360x110 мм<br />ГОСТ 17608-2017<br /><br /><ul><li data-list=""bullet"">Класс бетона изделий по прочности на сжатие: В30</li><li data-list=""bullet"">Марка бетона по морозостойкости F₂200</li><li data-list=""bullet"">Водопоглощение не более 5%</li><li data-list=""bullet"">Марка по истираемости G3</li></ul><br /><p style=""text-align: left;"">""Паркетная доска"" — имитация напольного отделочного материала в мощении. Тротуарный паркет позволяет создавать новые зрительные образы, объединяющие в себе минималистичность скандинавского дизайна в сочетании с домашним уютом. Это <strong>один из самых востребованных видов благоустройства в Европе</strong>.</p><p style=""text-align: left;"">Плиты ""Паркет"" с фактурой ""Мрамор"" <strong>производятся с добавлением натуральной мраморной крошки</strong>, что позволяет получить эффектную декоративную поверхность. Мелкие частицы мрамора в верхнем слое плитки отражают свет, создают ощущение блеска. Плиты “Мрамор” <strong>отличаются высокой износостойкостью и долговечностью</strong>.</p><p style=""text-align: left;"">Выбирая тротуарный “Паркет” с фактурой светлый мрамор, Вы <strong>можете решить задачу визуального увеличения пространства</strong>, например, удлинить образ короткой дорожки. А комбинируя его с контрастными темными цветами - создать более яркий и динамичный ландшафт.</p><p style=""text-align: left;"">Плиты серии «Паркет» выдерживают высокие нагрузки за счет толщины изделий 80 мм, подходят для мощения пешеходных зон, транспортных проездов и мест парковки легкового транспорта.</p><p style=""text-align: left;""><strong>Форма включает тротуарные плиты размером - 480х160х80 / 360х160х80 / 480х110х80 / 360х110х80 мм.</strong></p><br />На паллете – 9,94 м2<br /><br /><strong>Стоимость указана за 1 кв.м. без учета доставки от завода производителя</strong>";https://static.tildacdn.com/stor3636-6566-4238-a635-383230663761/64747095.jpg;;;;;;UhNaNoDppkjBZ6s9ov4l;;0;0;0;0
823465346451;;;;;"Паркет (Б.9.Псм.8) StoneMix Бело-Черный - StoneMix - Бело-черный";;;https://static.tildacdn.com/stor3636-6566-4238-a635-383230663761/64747095.jpg;4700.00;;;"Коллекция:StoneMix;Цвет:Бело-черный";;urEJA0oxYMGJ46yR9ivz;672176863871;0;0;0;0
428721754331;;;;Бордюр;"Бордюр тротуарный";"Размер 1000х200х80 мм";"Камень бортовой БР 100.20.8 - тротуарный широко используется при благоустройстве парковых зон, загородных участков и других подобных объектов. <br /><br />Изготавливается бордюр БР 100.20.8 из вибропрессованного бетона марки В22.5 и отличается: <br /><ul><li>высокой прочностью на сжатие и на изгиб (Вtb3,2); </li><li>морозоустойчивостью (до 200 циклов замерзания/оттаивания); </li><li>низким водопоглощением (до 6%); </li><li>низкой истираемостью (0,7 г/см2). </li></ul><br /><strong style=""font-size: 16px; color: rgb(29, 29, 29);"">Продажа кратно паллете. На паллете - 44 шт.</strong>";https://static.tildacdn.com/tild3631-3165-4336-b265-343739646330/photo.jpg;;;;;;blPYMssBoynL67cBIUUM;;0;0;0;0
799930588081;;;;;"Бордюр тротуарный - Стандарт - Серый";;;https://static.tildacdn.com/tild3631-3165-4336-b265-343739646330/photo.jpg;360.00;;;"Коллекция:Стандарт;Цвет:Серый";;OYh4XjUMC620Bb3ceieB;428721754331;0;0;0;0
568221942871;;;;Бордюр;"Бордюр садовый";"Размер 500х200х80 мм";"Камень бортовой БР 50.20.8 - это облегченный бетонный садовый бордюр, который широко используется при благоустройстве садовых дорожек, террас, тротуаров. <br /><br /> Облегченный садовый бордюр БР 50.20.8 обладает следующими преимуществами: <br /> <ul> <li> Удобство при создании радиусных дорожек </li><li>Широкая цветовая гамма (можно заказать в тон выбранной тротуарной плитки) </li><li>Легкость монтажа благодаря небольшому весу изделий </li> </ul> Изготавливается садовый бордюр из бетона марки В22.5 и отличается: <br /> <ul> <li> высокой прочностью на сжатие и на изгиб; <br /> </li> <li> морозоустойчивостью (до 200 циклов замерзания/оттаивания); <br /> </li> <li> низким водопоглощением (до 6%); <br /> </li> <li> низкой истираемостью (0,7 г/см2). </li></ul> Бордюрный камень шириной 8см - стандартный материал для оформления клумб и пешеходных дорожек, для аккуратного обрамления частей или отдельных композиций участка, для разграничения газонов или грядок. В этом качестве бордюрный камень является важным элементом декора, выполняющим задачу ограждения различных ландшафтных элементов. С чисто практической точки зрения, декоративный садовый бордюр предохраняет грунт от выветривания и размывания, способствуя сохранению почвы. <br />";https://static.tildacdn.com/tild3063-6236-4461-a138-613361643065/_.jpg;;;;;;OcPJRZhhF34tMXgsuaVL;;0;500;200;81
985982861921;;;;;"Бордюр садовый - Стандарт - Серый";;;https://static.tildacdn.com/tild3063-6236-4461-a138-613361643065/_.jpg;160.00;;;"Коллекция:Стандарт;Цвет:Серый";;jYAgf7RSfThsBGjcJ2yF;568221942871;0;0;0;0
402013295391;;;;;"Бордюр садовый - Стандарт - Красный";;;https://static.tildacdn.com/stor3562-3836-4361-b361-353836663234/93996787.jpg;280.00;;;"Коллекция:Стандарт;Цвет:Красный";;71Txhs7bYDCo1v7hfr4p;568221942871;0;0;0;0
179665254201;;;;Бордюр;"БР 50.20.8 Листопад гладкий Антрацит";"Размер 500*200*80 мм";"Камень бортовой БР 50.20.8 - это облегченный бетонный садовый бордюр, который широко используется при благоустройстве садовых дорожек, террас, тротуаров.<br /><br />Облегченный садовый бордюр БР 50.20.8 обладает следующими преимуществами:<br /><ul><li data-list=""bullet"">Удобство при создании радиусных дорожек</li><li data-list=""bullet"">Широкая цветовая гамма (можно заказать в тон выбранной тротуарной плитки)</li><li data-list=""bullet"">Легкость монтажа благодаря небольшому весу изделий</li></ul>Изготавливается садовый бордюр из бетона марки В22.5 и отличается:<br /><ul><li data-list=""bullet"">высокой прочностью на сжатие и на изгиб;</li><li data-list=""bullet"">морозоустойчивостью (до 200 циклов замерзания/оттаивания);</li><li data-list=""bullet"">низким водопоглощением (до 6%);</li><li data-list=""bullet"">низкой истираемостью (0,7 г/см2).</li></ul>Бордюрный камень шириной 8см - стандартный материал для оформления клумб и пешеходных дорожек, для аккуратного обрамления частей или отдельных композиций участка, для разграничения газонов или грядок. В этом качестве бордюрный камень является важным элементом декора, выполняющим задачу ограждения различных ландшафтных элементов. С чисто практической точки зрения, декоративный садовый бордюр предохраняет грунт от выветривания и размывания, способствуя сохранению почвы.";https://static.tildacdn.com/stor3065-3362-4061-b063-333032633937/28711628.jpg;;;;;;BMkM89sYt6J30JjdKrIv;;0;500;200;81
604654994371;;;;;"БР 50.20.8 Листопад гладкий Антрацит - Листопад® гладкий - Антрацит";;;https://static.tildacdn.com/stor3065-3362-4061-b063-333032633937/28711628.jpg;350.00;;;"Коллекция:Листопад® гладкий;Цвет:Антрацит";;YfrcjZX2cnsk3rpNzgZy;179665254201;0;500;200;80
799155982461;;;;Бордюр;"Бордюр дорожный";"Размер 1000х300х150 мм";"Бортовой камень БР 100.30.15 дорожный бетонный бордюр шириной 150 мм, изготавливается из высококачественного вибропрессованного бетона марки В30. Предназначен для отделения автомобильных дорог, внутриквартальных проездов от пешеходных зон.<br /><p style=""text-align: left;"">Камни бетонные бортовые изготавливаются в соответствии с ГОСТ 6665-91; ТУ 23.61.11-013-53432515-2020.</p><p style=""text-align: left;""><strong style=""color: rgb(29, 29, 29); font-size: 16px;"">Продажа кратно паллете. На паллете - 18 шт.</strong></p>";https://static.tildacdn.com/tild6636-3864-4264-b332-313035626537/123.jpg;;;;;;53Hih4Crvb2klAvLDxIX;;0;0;0;0
282514994761;;;;;"Бордюр дорожный - Серый - Стандарт";;;https://static.tildacdn.com/tild6636-3864-4264-b332-313035626537/123.jpg;750.00;;;"Цвет:Серый;Коллекция:Стандарт";;T0HAiUfIihsXNCrRU4bx;799155982461;0;0;0;0
303607298991;;;;Бордюр;"Бордюр магистральный";"Размер 1000х300х180 мм";"Бортовой камень 100.30.18 - высококачественный магистральный бордюр шириной 180 мм, отличается высокими эксплуатационными характеристиками.<br /><br /><p style=""text-align: left;"">БР 100.30.18 используется в современном дорожном строительстве. Он выполняет роль разделительной линии между проезжей частью и пешеходной зоной, продлевает срок эксплуатации дорожного полотна, защищая дорогу от разрушения.</p><p style=""text-align: left;"">Камни бетонные бортовые изготавливаются в соответствии с ГОСТ 6665-91; ТУ 23.61.11-013-53432515-2020.</p><p style=""text-align: left;""><strong style=""color: rgb(29, 29, 29); font-size: 16px;"">Продажа кратно паллете. На паллете - 15 шт.</strong></p><br /><br /><br />";https://static.tildacdn.com/tild6234-6166-4565-b531-313830633739/1234123.jpg;;;;;;pAvxcnIFgPEUpgls1NRG;;0;0;0;0
328304569721;;;;;"Бордюр магистральный - Серый - Стандарт";;;https://static.tildacdn.com/tild6234-6166-4565-b531-313830633739/1234123.jpg;850.00;;;"Цвет:Серый;Коллекция:Стандарт";;hTy95RrrkE5XJMHolm5m;303607298991;0;0;0;0
173456346581;;;;Рубрикатор;Классико;"(Б.1.КО.6) Комплект из 3х видов плит";;https://static.tildacdn.com/tild3932-3733-4661-b134-613065313233/01.jpg;0;;;;;FmJlxDtifCkJf6y6MOFC;;0;0;0;0
507566338331;;;;Рубрикатор;Антик;"(Б.3.А.6) Комплект из 5 видов плит";;https://static.tildacdn.com/tild3431-3461-4164-b135-336464376331/01.jpg;0;;;;;Gig2BTaERvm3EIm91EPl;;0;0;0;0
239463170051;;;;Рубрикатор;"Старый город";"(Б.1.Фсм.6/8) Комплект из 3х видов плит";;https://static.tildacdn.com/tild6132-3637-4033-a639-623163346238/01.jpg;0;;;;;OSre4Pdyx9TVC4ccfkok;;0;0;0;0
969814013221;;;;Рубрикатор;Антара;"(Б.1.АН.6) Комплект из 6 видов плит";;https://static.tildacdn.com/tild6264-3865-4631-a638-303366346366/01.jpg;0;;;;;hRFoeyhge8biV0rzcvsD;;0;0;0;0
613609005861;;;;Рубрикатор;Паркет;"(Б.4.П.6) 180x60х60 мм";;https://static.tildacdn.com/tild6235-3361-4966-b031-613663316235/01.jpg;0;;;;;87VNzfi6vgDcS9Fbx9b1;;0;0;0;0
796410357501;;;;Рубрикатор;Брусчатка;"(Б.2.П.6) 200х100х60 мм,#nbsp;200х100х80 мм";;https://static.tildacdn.com/tild6431-6333-4165-b461-623034313739/01.png;0;;;;;kKi98rH819B6XTbel20m;;0;0;0;0
218715487121;;;;Рубрикатор;"Газонная решетка";"(Б.1.ГР.8) 598х398х80 мм";;https://static.tildacdn.com/tild6232-3863-4633-a137-366431356631/02.jpg;0;;;;;svhDIlgNxM0AodERSh1y;;0;0;0;0
487862959581;;;;Рубрикатор;"Терминальная плитка";"3 вида толщиной 100 мм";;https://static.tildacdn.com/tild3164-6434-4732-b639-636536333933/01-2.jpg;0;;;;;fDElrCHgVC6beJesmiTy;;0;0;0;0
192242364371;;;;Рубрикатор;"Мегаполис PRO";"(Б.15.П.10) 900х300х100 мм";;https://static.tildacdn.com/tild6264-6366-4531-a332-656231653432/02.jpg;0;;;;;mGTRr0fsDJATfLv0P4h1;;0;0;0;0
114393144611;;;;Рубрикатор;Мегаполис;"(Б.5.П.8) 600х300х80 мм";;https://static.tildacdn.com/tild3834-6161-4763-b737-656664313663/9871a69bb27e64f9ad38.jpg;0;;;;;f1biOy2dkjTRRMZy96fT;;0;0;0;0
951496474241;;;;Рубрикатор;Паркет;"(Б.9.Псм.8) Комплект из 4х видов плит";;https://static.tildacdn.com/stor6533-6135-4264-a230-343337363738/21246239.jpg;0;;;;;cHdVgss4TgZ9lGzBSjhR;;0;0;0;0
396022662301;;;;Рубрикатор;Квадрат;"(Б.7.К.8) 600х600х80 мм";;https://static.tildacdn.com/stor3262-6664-4331-a464-323461313466/18888096.jpg;0;;;;;4hejRjuxPlTHHONmgTTf;;0;0;0;0
746080984911;;;;Рубрикатор;Оригами;"(Б.4.Фсм.8) Комплект из 6 видов плит";;https://static.tildacdn.com/tild3439-6566-4537-b234-303165623364/01.jpg;0;;;;;nY9XoSI7ldtXfbPbdMgG;;0;0;0;0
494728306531;;;;"Паркет - Б.4.П.6";"Паркет (Б.4.П.6) Стоунмикс Белый";"Размер плитки 180х60 мм<br />Толщина 60 мм.<br />";"Классический паркет актуален во все времена. Созданный в средневековой Европе как способ напольного покрытия жилых помещений, паркет обретает новую жизнь, воплотившись в современной тротуарной плитке.<br /><br />Размер 180х60 мм<br /><br /><ul><li>Толщина 60 мм</li><li>Класс бетона изделий по прочности на сжатие: В25</li><li>Марка бетона по морозостойкости F₂200</li><li>Водопоглощение не более 6%</li><li>Марка по истираемости G1</li></ul><br />На паллете – 11,64 м2<br /><br /><strong>Стоимость указана за 1 кв.м. без учета доставки от завода производителя</strong>";https://static.tildacdn.com/tild6461-3765-4438-b061-663939643239/__2021-03-25__211644.png;;;;;;DzkaSBKXe280hVhYOpyN;;0;0;0;0
571260102741;;;;;"Паркет (Б.4.П.6) Стоунмикс Белый - Стоунмикс - Белый";;;https://static.tildacdn.com/tild6461-3765-4438-b061-663939643239/__2021-03-25__211644.png;3700.00;;;"Коллекция:Стоунмикс;Цвет:Белый";;mR2K33lGIA5GlOcIizaT;494728306531;0;0;0;0
537662719241;;;;"Паркет - Б.4.П.6";"Паркет (Б.4.П.6) Стоунмикс Бело-Чёрный";"Размер плитки 180х60 мм<br />Толщина 60 мм.<br />";"Классический паркет актуален во все времена. Созданный в средневековой Европе как способ напольного покрытия жилых помещений, паркет обретает новую жизнь, воплотившись в современной тротуарной плитке.<br /><br />Размер 180х60 мм<br /><br /><ul><li>Толщина 60 мм</li><li>Класс бетона изделий по прочности на сжатие: В25</li><li>Марка бетона по морозостойкости F₂200</li><li>Водопоглощение не более 6%</li><li>Марка по истираемости G1</li></ul><br />На паллете – 11,64 м2<br /><br /><strong>Стоимость указана за 1 кв.м. без учета доставки от завода производителя</strong>";https://static.tildacdn.com/tild6666-3638-4734-b866-643733323233/__2021-03-25__211654.png;;;;;;AkL7Rv2mAXZdktN9NyNm;;0;0;0;0
412602923861;;;;;"Паркет (Б.4.П.6) Стоунмикс Бело-Чёрный - Стоунмикс - Бело-черный";;;https://static.tildacdn.com/tild6666-3638-4734-b866-643733323233/__2021-03-25__211654.png;3700.00;;;"Коллекция:Стоунмикс;Цвет:Бело-черный";;623818dcsoxReSaAzUiO;537662719241;0;0;0;0
788919860291;;;;"Паркет - Б.4.П.6";"Паркет (Б.4.П.6) Стоунмикс Чёрный";"Размер плитки 180х60 мм<br />Толщина 60 мм.<br />";"Классический паркет актуален во все времена. Созданный в средневековой Европе как способ напольного покрытия жилых помещений, паркет обретает новую жизнь, воплотившись в современной тротуарной плитке.<br /><br />Размер 180х60 мм<br /><br /><ul><li>Толщина 60 мм</li><li>Класс бетона изделий по прочности на сжатие: В25</li><li>Марка бетона по морозостойкости F₂200</li><li>Водопоглощение не более 6%</li><li>Марка по истираемости G1</li></ul><br />На паллете – 11,64 м2<br /><br /><strong>Стоимость указана за 1 кв.м. без учета доставки от завода производителя</strong>";https://static.tildacdn.com/tild3564-6533-4230-a633-333335383064/__2021-03-25__211634.png;;;;;;EpmdU59Lmh8dXokPhpFc;;0;0;0;0
864191865481;;;;;"Паркет (Б.4.П.6) Стоунмикс Чёрный - Стоунмикс - Чёрный";;;https://static.tildacdn.com/tild3564-6533-4230-a633-333335383064/__2021-03-25__211634.png;3700.00;;;"Коллекция:Стоунмикс;Цвет:Чёрный";;IOce5jgHiYfNEZ5TFMPc;788919860291;0;0;0;0
325218548491;;;;"Терминальный камень";"Терминальный камень Волна";"Размер плитки 225х113 мм<br />Толщина 100 мм";"<br />Терминальный камень Волна<br /><br />Размер 225х113 мм <br />Толщина 100 мм <br /><br />Камень для мощения Uni Terminal толщиной 100мм в форме волны (зигзага) на сегодняшний день уже может считаться классическим. <br />Данная серия плитки предназначена для устройства покрытий на высоконагруженных территориях (высота 100мм обеспечивает большую силу трения на боковых гранях плитки, что способствует равномерности распределения нагрузки на основание дорожного покрытия). Ровность и прочность мощения достигается за счет продуманной формы элементов.<br />Для изготовления плитки ""Uni Terminal"" используется бетон с классом прочности М450 по сжатию и Вtb4,8 Мпа на изгиб, материал характеризуется высокой влаго- и морозоустойчивостью (300 циклов заморозки/оттаивания), истираемость составляет 0,7 г/ см2. <br /><br /><ul><li data-list=""bullet"">Класс бетона изделий по прочности на сжатие: B40</li><li data-list=""bullet"">Марка бетона по морозостойкости F₂300</li><li data-list=""bullet"">Водопоглощение не более 5%</li><li data-list=""bullet"">Истираемость, г./кв.см 0,7 (G1)</li><li data-list=""bullet"">Масса 5,8 + 2,9 кг</li><li data-list=""bullet"">На паллете 288 + 64 шт</li></ul><br />Мы гарантируем точность соблюдения технологии производства и как следствие, высокое качество продукции. <br />Возможна отгрузка с нашего склада в Архангельске или доставка до места укладки.<br /><br /><strong>Стоимость указана за 1 кв.м. без учета доставки от завода производителя </strong>";https://static.tildacdn.com/stor6361-6531-4263-b231-333437366563/50557552.jpg;;;;;;d7PECgF84duMCekmOv7n;;0;0;0;0
245625171041;;;;;"Терминальный камень Волна - Стандарт - Серый";;;;2500.00;;;"Коллекция:Стандарт;Цвет:Серый";;PTRhF6JDLcy4NFI19N6G;325218548491;0;0;0;0
920205342631;;;;ЦПС;"Цементно-песчаная смесь М 150";"в мешках по 25 кг";"Сухая строительная смесь на цементной основе. Предназначена, для проведения ремонтно-строительных работ.";https://static.tildacdn.com/tild3561-6531-4664-b735-323765343937/photo.jpeg;250.00;;;;;o8UkafiMYoEpgYXBcs2b;;0;0;0;0
350618065761;;;;ЦПС;"Цементно-песчаная смесь М 300";"в мешках по 25 кг";"Сухая строительная смесь на цементной основе. Предназначена для проведения сложных строительных работ, где требуется получение прочности не менее М 300. Для внутренних и наружных работ.";https://static.tildacdn.com/tild3166-3936-4236-b731-646235366533/WhatsApp_Image_2021-.jpeg;260.00;;;;;fHkoCtxyBXa2MOKKk6tJ;;0;0;0;0
563101690701;;;;Оригами;"Оригами (Б.4.Фсм.8) Стандарт Серый";"Комплект из 6 видов плит. Высота - 80 мм.";"<p style=""text-align: left;"">Модульные тротуарные плиты ""Оригами"" Б.4.Фсм.8</p><br /><p style=""text-align: left;"">Тротуарная плитка “Оригами” — оригинальная, ультрасовременная модульная форма, которая включает 6 плит разной конфигурации, при укладке комбинируемых между собой. Относится к группе эксплуатации Б, используется преимущественно для пешеходного мощения.</p><p style=""text-align: left;"">Комплект из 6 видов плит: 559*361*280*408 мм, 591*79*558*152*280 мм, 280*420*243*280 мм, 206*550*349*420 мм, 72*560*457*496 мм, 457*560*280*496 мм. Высота - 80 мм.</p><br />Мы гарантируем точность соблюдения технологии производства и как следствие, высокое качество продукции.<br /><br />На паллете – 8,15 м2<br /><br /><strong>Стоимость указана за 1 кв.м. без учета доставки от завода производителя</strong>";https://static.tildacdn.com/stor3164-3838-4630-b233-666136626134/11120916.jpg;;;;;;tU5UcVUxhJ6RFpBofdfS;;0;0;0;0
987847329841;;;;;"Оригами (Б.4.Фсм.8) Стандарт Серый - Стандарт - Серый";;;https://static.tildacdn.com/tild3266-6139-4261-b138-343934396233/01.jpg;1900.00;;;"Коллекция:Стандарт;Цвет:Серый";;niyE7r0d5lfJN4BKmPYk;563101690701;0;0;0;0
511988045501;;;;Оригами;"Оригами (Б.4.Фсм.8) Стоунмикс Бело-черный";"Комплект из 6 видов плит. Высота - 80 мм.";"<p style=""text-align: left;"">Модульные тротуарные плиты ""Оригами"" Б.4.Фсм.8</p><br /><p style=""text-align: left;"">Тротуарная плитка “Оригами” — оригинальная, ультрасовременная модульная форма, с добавлением натуральной мраморной крошки, которая включает 6 плит разной конфигурации, при укладке комбинируемых между собой. Относится к группе эксплуатации Б, используется преимущественно для пешеходного мощения.</p><p style=""text-align: left;"">Комплект из 6 видов плит: 559*361*280*408 мм, 591*79*558*152*280 мм, 280*420*243*280 мм, 206*550*349*420 мм, 72*560*457*496 мм, 457*560*280*496 мм. Высота - 80 мм.</p><br />Мы гарантируем точность соблюдения технологии производства и как следствие, высокое качество продукции.<br /><br />На паллете – 8,15 м2<br /><br /><strong>Стоимость указана за 1 кв.м. без учета доставки от завода производителя</strong>";https://static.tildacdn.com/stor3965-3762-4162-a432-363030646136/29560299.jpg;;;;;;5i7LKCb5zRSlscnsHV2O;;0;0;0;0
293214155601;;;;;"Оригами (Б.4.Фсм.8) Стоунмикс Бело-черный - StoneMix - Бело-черный";;;https://static.tildacdn.com/tild6237-6566-4164-b166-346339336666/03.jpg;4900.00;;;"Коллекция:StoneMix;Цвет:Бело-черный";;lxxZlGN2b46ev4Nh33Lz;511988045501;0;0;0;0
968216045691;;;;Оригами;"Оригами (Б.4.Фсм.8) Гранит Серый";"Комплект из 6 видов плит. Высота - 80 мм.";"<p style=""text-align: left;"">Модульные тротуарные плиты ""Оригами"" Б.4.Фсм.8</p><br /><p style=""text-align: left;"">Тротуарная плитка “Оригами” — оригинальная, ультрасовременная модульная форма, которая включает 6 плит разной конфигурации, при укладке комбинируемых между собой. Относится к группе эксплуатации Б, используется преимущественно для пешеходного мощения.</p><p style=""text-align: left;"">Комплект из 6 видов плит: 559*361*280*408 мм, 591*79*558*152*280 мм, 280*420*243*280 мм, 206*550*349*420 мм, 72*560*457*496 мм, 457*560*280*496 мм. Высота - 80 мм.</p><br />Мы гарантируем точность соблюдения технологии производства и как следствие, высокое качество продукции.<br /><br />На паллете – 8,15 м2<br /><br /><strong>Стоимость указана за 1 кв.м. без учета доставки от завода производителя</strong>";https://static.tildacdn.com/tild3830-6263-4738-b234-653764306137/01.jpg;;;;;;cFia68fAl9i1dy4Kf8vl;;0;0;0;0
688731274951;;;;;"Оригами (Б.4.Фсм.8) Гранит Серый - Листопад® гранит - Серый";;;https://static.tildacdn.com/tild3830-6263-4738-b234-653764306137/01.jpg;3250.00;;;"Коллекция:Листопад® гранит;Цвет:Серый";;LX99EyzdB6dima1ik2LG;968216045691;0;0;0;0
283177021311;;;;Брусчатка;"Брусчатка (Б.2.П.6/8) Гладкий Песчаник";"Размер плитки 200x100 мм<br />Толщина 60 или 80 мм";"Брусчатка - Б.2.П.6 / Б.2.П.8<br /><br /><p style=""text-align: left;"">Тротуарная плитка ""Прямоугольник"" Б.2.П.6, коллекция - Листопад гладкий, цвет - Песчаник.</p><p style=""text-align: left;"">Плитка выполнена в выполнена в природных оттенках бежевого/коричневого. Отличается высокой износостойкостью и практичностью в эксплуатации. Предназначена для мощения садовых дорожек, пешеходных зон, тротуаров.</p><br />Размер 200x100 мм<br />Толщина 60 или 80 мм<br /><ul><li>ГОСТ 17608-2017</li><li>Класс бетона изделий по прочности на сжатие: В25</li><li>Марка бетона по морозостойкости F₂200</li><li>Водопоглощение не более 6%</li><li>Марка по истираемости G1</li></ul>Мы гарантируем точность соблюдения технологии производства и как следствие, высокое качество продукции.<br /><br />Брусчатка 60 мм на паллете – 14,04 м2<br />Брусчатка 80 мм на паллете – 10,8 м2<br /><br /><strong>Стоимость указана за 1 кв.м. без учета доставки от завода производителя</strong>";https://static.tildacdn.com/stor3637-6433-4161-b637-613965633664/a2edbb74e43b51fd4c09edf98a03f4d4.jpg;;;;;;UJhuEoGY9bkbdZSzEEMa;;0;0;0;0
303752561091;;;;;"Брусчатка (Б.2.П.6/8) Гладкий Песчаник - Листопад® гладкий - Янтарь - 60 мм";;;https://static.tildacdn.com/stor3637-6433-4161-b637-613965633664/a2edbb74e43b51fd4c09edf98a03f4d4.jpg;2950.00;;;"Коллекция:Листопад® гладкий;Цвет:Янтарь;Толщина:60 мм";;uiiRYc5ztP0AmDCoZ9GM;283177021311;0;0;0;0
220968878241;;;;;"Брусчатка (Б.2.П.6/8) Гладкий Песчаник - Листопад® гладкий - Янтарь - 80 мм";;;https://static.tildacdn.com/stor3637-6433-4161-b637-613965633664/a2edbb74e43b51fd4c09edf98a03f4d4.jpg;3400.00;;;"Коллекция:Листопад® гладкий;Цвет:Янтарь;Толщина:80 мм";;mpebbpegHXmpALfgiUcJ;283177021311;0;0;0;0
526231189541;;;;Блоки;"Перегородочный блок";"Размер 500х80x188 мм";"<p style=""text-align: left;"">Предназначен для возведения межкомнатных перегородок </p><p style=""text-align: left;"">в домах всех категорий.</p><p style=""text-align: left;"">Толщина камня всего 80 мм – позволяет увеличить площадь внутренних помещений в сравнении с более толстыми перегородками из кирпича и газобетона.</p><p style=""text-align: left;"">На поддоне камни комплектуются доборными элементами (половинками 250 мм), что снижает количество распилов.</p>Удобная пазо-гребневая система соединения камней позволяет выполнять вертикальные швы насухо, без раствора, что существенно сокращает время и трудоемкость строительства;<br />Высокая марка прочности бетона создает надежную стену, защищенную от случайного повреждения. <br />Поверхность камня обладает хорошей адгезией и легко штукатурится;";https://static.tildacdn.com/stor6433-6438-4634-b465-663337316238/22748672.jpg;110.00;;;;;GC90MLno2CLxurtRYI54;;0;0;0;0
230303024851;;;;Блоки;"Стеновой блок";"Размер 400х200x188 мм";"<p style=""text-align: left;"">Вибропрессованный бетонный камень #nbsp;предназначен для устройства#nbsp;стены-основы#nbsp;штукатурных или кирпичных фасадов в#nbsp;ненесущих ограждающих конструкциях.</p><p style=""text-align: left;"">Поверхность камня обладает хорошей адгезией и легко штукатурится</p>";https://static.tildacdn.com/stor3565-6334-4934-b838-653733646561/61582693.jpg;183.00;;;;;jEKx71X7Dgo2rtz6X7Em;;0;0;0;0
446638915941;;;;Блоки;"Блок для вентиляционных каналов";"Размер 390х190x188 мм";"<p style=""text-align: left;"">Бетонные вибропрессованные блоки для устройства вентиляционных каналов позволяют легко, быстро и недорого <strong>сделать шахту вентиляции</strong></p><p style=""text-align: left;"">Размер шахты:#nbsp;120х120 мм</p><p style=""text-align: left;"">48 шт. на поддоне</p>";https://static.tildacdn.com/stor6533-3561-4832-b165-633262386335/41476355.jpg;218.00;;;;;2x3gcN7LyIi2JNMNbet0;;0;0;0;0
654459990211;;P1010P;;"Системы водоотвода";"Лоток пластиковый SteePlain DN100 H100 с решеткой пластиковой";"размер: 1000x128x100 мм";"Ширина гидр. Сечения - DN 100<br />Длина - 1000 мм<br />Ширина - 128 мм<br />Высота - 100 мм<br />Класс нагрузки - А15<br /><br />Поставляется в сборе с пластиковой#nbsp;#nbsp;решеткой. Это самая экономичная серия пластиковых водоотводных лотков. Не требуют специальных фиксаторов решетки и дополнительных соеденительных элементов для подключения канализационных труб, в лотках уже предусмотренны патрубки для их подключения.<br /><br />Все цены соответствуют ценам компании производителя «STEELOT»<br />Стоимость доставки рассчитывается отдельно";https://static.tildacdn.com/stor3861-6466-4030-b863-346233333363/27011489.jpg;750.00;;;;;fs94Pv0MZDffzxzEclJn;;0;0;0;0
442977807351;;P1010S;;"Системы водоотвода";"Лоток пластиковый SteePlain DN100 H100 с решеткой стальной";"размер: 1000x128x100 мм";"Ширина гидр. Сечения - DN 100<br />Длина - 1000 мм<br />Ширина - 128 мм<br />Высота - 100 мм<br />Класс нагрузки - А15<br /><br />Поставляется в сборе с стальной#nbsp;#nbsp;решеткой. Это самая экономичная серия пластиковых водоотводных лотков. Не требуют специальных фиксаторов решетки и дополнительных соеденительных элементов для подключения канализационных труб, в лотках уже предусмотренны патрубки для их подключения.<br /><br />Все цены соответствуют ценам компании производителя «STEELOT»<br />Стоимость доставки рассчитывается отдельно";https://static.tildacdn.com/stor6136-6238-4234-a336-366132663965/92840490.jpg;1300.00;;;;;pc2hhazUFJTiaE1R43Ne;;0;0;0;0
850485315611;;P20;;"Системы водоотвода";"Заглушка универсальная DN100/150/200";"размер: 211.9x7.5x181.6 мм";"Материал -Пластик<br />Длина - 211.9 мм<br />Ширина - 7.5 мм<br />Высота - 181.6 мм<br />Вес - 0.09 мм<br /><br />Торцевые заглушки устанавливаются в начале и конце водоотводной линии и служат для предотвращения пролива из лотков. Элементы изготавливаются из морозоустойчивого пластика и используются в системах ливневой канализации.<br />Заглушка универсальная DN100/150/200 для водоотводных лотков серии SteePlain DN100, для водоотводных лотков серии SteeStart DN150 и для водоотводных лотков серии SteeStart DN200. Применяется для пластиковых водоотводных лотков соответствующей серии. Заглушка совместима с конструкциями различных размеров. На лицевой поверхности торцевой заглушки проставлены отметки, подходящие под соответствующие серии водоотводных лотков.<br /><br />Все цены соответствуют ценам компании производителя «STEELOT»<br />Стоимость доставки рассчитывается отдельно<br /><br />";https://static.tildacdn.com/stor6533-6537-4165-b235-333132376531/15504973.jpg;260.00;;;;;ZPJ59l11djRT02RBm9uE;;0;0;0;0
618851202751;;P1020А;;"Системы водоотвода";"Решетка стальная штампованная SteeStart DN100 A15 под крепеж";"размер: 1000x136x21,5 мм";"Ширина гидр. Сечения - DN 100<br />Длина - 1000 мм<br />Ширина - 136 мм<br />Высота - 21,5 мм<br />Вес - 1.42 кг<br />Класс нагрузки - A15<br /><br />Решетка водоприемная стальная штампованная серии SteeStart DN100 совместима с водоотводными лотками серии SteeStart DN100 Н55/80/120/180. Класс нагрузки А15, применяется#nbsp;#nbsp;в пешеходных зонах, отмостки зданий, и придомовых территория где не предусмотрен наезд легкового и грузового транспорта.<br /><br />Все цены соответствуют ценам компании производителя «STEELOT»<br />Стоимость доставки рассчитывается отдельно";https://static.tildacdn.com/stor3733-3733-4831-b837-666166636438/84441639.jpg;800.00;;;;;C0gNmg58S9jUDfd1PGUU;;0;0;0;0
156863509181;;P1020АА;;"Системы водоотвода";"Решетка стальная штампованная SteeStart DN100 A15";"размер: 1000x136x21,5 мм";"Ширина гидр. Сечения - DN 100<br />Длина - 1000 мм<br />Ширина - 136 мм<br />Высота - 21,5 мм<br />Вес - 1.42 кг<br />Класс нагрузки - A15<br /><br />Решетка водоприемная стальная штампованная серии SteeStart DN100 совместима с водоотводными лотками серии SteeStart DN100 Н55/80/120/180. Класс нагрузки А15, применяется#nbsp;#nbsp;в пешеходных зонах, отмостки зданий, и придомовых территория где не предусмотрен наезд легкового и грузового транспорта.<br /><br />Все цены соответствуют ценам компании производителя «STEELOT»<br />Стоимость доставки рассчитывается отдельно";https://static.tildacdn.com/stor3733-3733-4831-b837-666166636438/84441639.jpg;780.00;;;;;NMYt4Ljma68f1olXAM1O;;0;0;0;0
373376848951;;Р1015A;;"Системы водоотвода";"Решетка пластиковая SteeStart DN100 А15";"размер: 499x137x17 мм";"Ширина гидр. Сечения - DN 100<br />Длина - 499 мм<br />Ширина - 137 мм<br />Высота - 17 мм<br />Вес - 0.5 кг<br />Класс нагрузки - A15<br /><br />Решетка водоприемная пластиковая серии SteeStart DN100 совместима с водоотводными лотками серии SteeStart DN100 Н55/80/120/180. Класс нагрузки А15, применяется#nbsp;#nbsp;в пешеходных зонах, отмостки зданий и придомовых территория где не предусмотрен наезд легкового и грузового транспорта.<br /><br />Все цены соответствуют ценам компании производителя «STEELOT»<br />Стоимость доставки рассчитывается отдельно";https://static.tildacdn.com/stor6537-6236-4536-b437-613265353337/65464786.jpg;260.00;;;;;1ueatXtkXlNz2jgyYfAN;;0;0;0;0
405898102021;;Р10426С;;"Системы водоотвода";"Пескоуловитель пластиковый SteeStart DN100 H426 высокий борт";"размер: 500x146x426 мм";"Ширина гидр. сечения - DN 100<br />Длина - 500 мм<br />Ширина - 146 мм<br />Высота - 426 мм<br />Вес 2.25 кг<br /><br />Пескоуловитель пластиковый SteeStart DN100 H426 высокий борт применяется для сбора мусора, песка, листвы#nbsp;#nbsp;и предотвращения попадание их в канализацию защищая канализации от засорения.. Поставляется в комплекте с корзинкой для сбора мусора. Совместим с водоотводными лотками серии SteeStart DN100 H55/80/120/180. В конструкции предусмотрены специальные горизонтальные патрубки для соединения с канализационными трубами от#nbsp;#nbsp;50 до 160 мм.<br /><br />Все цены соответствуют ценам компании производителя «STEELOT»<br />Стоимость доставки рассчитывается отдельно<br /><br /><br /><strong>ВАЖНО!!! Пескоуловитель пластиковый SteeStart DN100 H426 высокий борт применяются только с полиамидной решеткой SteeStart DN100 C250 и водоотводными лотками SteeStart DN100 Н133 и DN100 Н193 высокий борт.</strong>";https://static.tildacdn.com/stor3661-6239-4761-b930-303932663734/30879527.jpg;2142.00;;;;;sXrTJKEJdiVaJ7XNSTcD;;0;0;0;0
333063170311;;Р10413С;;"Системы водоотвода";"Пескоуловитель пластиковый SteeStart DN100 H413";"размер: 500x146x413 мм";"Ширина гидр. сечения - DN 100<br />Длина - 500 мм<br />Ширина - 146 мм<br />Высота - 413 мм<br />Вес 2.25 кг<br /><br />Пескоуловитель пластиковый SteeStart DN100 H413 применяется для сбора мусора, песка, листвы#nbsp;#nbsp;и предотвращения попадание их в канализацию защищая канализации от засорения.. Поставляется в комплекте с корзинкой для сбора мусора. Совместим с водоотводными лотками серии SteeStart DN100 H55/80/120/180. В конструкции предусмотрены специальные горизонтальные патрубки для соединения с канализационными трубами от#nbsp;#nbsp;50 до 160 мм.<br /><br />Все цены соответствуют ценам компании производителя «STEELOT»<br />Стоимость доставки рассчитывается отдельно";https://static.tildacdn.com/stor3461-3061-4335-a634-376337633636/40510126.jpg;2142.00;;;;;4s4g8aJxosVUiJsggvSR;;0;0;0;0
549400330991;;P1018C;;"Системы водоотвода";"Лоток пластиковый SteeStart DN100 H180";"размер: 1000x146x180 мм";"Ширина гидр. сечения - DN 100<br />Длина - 1000 мм<br />Ширина - 146 мм<br />Высота - 180 мм<br />Вес 2.05 кг<br /><br />Самые эффективные и отводящие максимальное количество поверхностных стоков в серии водоотводных лотков SteeStart DN100. Отлично подходят для сбора сточных вод с повышенной площадью водосбора, а также территорий с удаленной точкой водосбора. Водоотводные пластиковые лотки серии SteeStart DN100 имеют 5 мест предусматривающих разрез водоотводных лотков для регулировки длины, также в конструктиве предусмотрены технические заготовки для подсоединения отводных канализационных труб диаметром#nbsp;#nbsp;от 50 до 110 мм.<br /><br />Все цены соответствуют ценам компании производителя «STEELOT»<br />Стоимость доставки рассчитывается отдельно";https://static.tildacdn.com/stor6563-3262-4232-a563-316431633163/98647925.jpg;860.00;;;;;Z7mivuLdvLhF3zLLhcuX;;0;0;0;0
858412137331;;P1013C;;"Системы водоотвода";"Лоток пластиковый SteeStart DN100 H133 высокий борт";"размер: 1000x146x133 мм";"Ширина гидр. сечения - DN 100<br />Длина - 1000 мм<br />Ширина - 146 мм<br />Высота - 133 мм<br />Вес 1.55 кг<br /><br />Пластиковые водоотводные лотки SteeStart DN100 Н133 высокий борт используется для монтажа линейных участков водоотводных поверхностных систем коммерческих и жилых объектов (частных домов, придомовых территорий, гаражей, парков). Водоотводные пластиковые лотки серии SteeStart DN100 имеют 5 мест предусматривающих разрез водоотводных лотков для регулировки длины, также в конструктиве предусмотрены технические заготовки для подсоединения отводных канализационных труб диаметром#nbsp;#nbsp;от 50 до 110 мм.<br /><br />Все цены соответствуют ценам компании производителя «STEELOT»<br />Стоимость доставки рассчитывается отдельно<br /><br /><br /><strong>ВАЖНО!!! Водоотводные лотки серии SteeStart DN100 H133 высокий борт применяются только с полиамидной решеткой SteeStart DN100 C250.</strong>";https://static.tildacdn.com/stor6137-3836-4730-b965-326335393636/31922931.jpg;690.00;;;;;hxLGcBBNPZNLhzDcS8cF;;0;0;0;0
505515047271;;P1012C;;"Системы водоотвода";"Лоток пластиковый SteeStart DN100 H120";"размер: 1000x146x120 мм";"Ширина гидр. сечения - DN 100<br />Длина - 1000 мм<br />Ширина - 146 мм<br />Высота - 120 мм<br />Вес 1.55 кг<br /><br />Пластиковые водоотводные лотки SteeStart DN100 Н120 используется для монтажа линейных участков водоотводных поверхностных систем коммерческих и жилых объектов (частных домов, придомовых территорий, гаражей, парков). Водоотводные пластиковые лотки серии SteeStart DN100 имеют 5 мест предусматривающих разрез водоотводных лотков для регулировки длины, также в конструктиве предусмотрены технические заготовки для подсоединения отводных канализационных труб диаметром#nbsp;#nbsp;от 50 до 110 мм.<br /><br />Все цены соответствуют ценам компании производителя «STEELOT»<br />Стоимость доставки рассчитывается отдельно";https://static.tildacdn.com/stor6139-3733-4838-a534-373262656565/12023005.jpg;690.00;;;;;L2Ep1N2rvtOUFBVT2VPf;;0;0;0;0
427397408651;;P1093C;;"Системы водоотвода";"Лоток пластиковый SteeStart DN100 H93 высокий борт";"размер: 1000x146x93 мм";"Ширина гидр. сечения - DN 100<br />Длина - 1000 мм<br />Ширина - 146 мм<br />Высота - 93 мм<br />Вес 1.27 кг<br /><br />Пластиковые лотки SteeStart DN100 H93 высокий борт оптимальное решение для частного и коттеджного строительства, а также объектов спортивной инфраструктуры (стадионы, спортивные площадки). Водоотводные пластиковые лотки серии SteeStart DN100 имеют 5 мест предусматривающих разрез водоотводных лотков для регулировки длины, также в конструктиве предусмотрены технические заготовки для подсоединения отводных канализационных труб диаметром#nbsp;#nbsp;от 50 до 110 мм.<br /><br />Все цены соответствуют ценам компании производителя «STEELOT»<br />Стоимость доставки рассчитывается отдельно <br /><br /><strong>ВАЖНО!!! Водоотводные лотки серии SteeStart DN100 H93 высокий борт применяются только с полиамидной решеткой SteeStart DN100 C250.</strong>";https://static.tildacdn.com/stor3335-6133-4430-a635-353231346138/45681496.jpg;590.00;;;;;kejADABdGMEK4s23JFLS;;0;0;0;0
862821130631;;P1080C;;"Системы водоотвода";"Лоток пластиковый SteeStart DN100 H80";"размер: 1000x146x80 мм";"Ширина гидр. сечения - DN 100<br />Длина - 1000 мм<br />Ширина - 146 мм<br />Высота - 80 мм<br />Вес 1.19 кг<br />Класс нагрузки - A15 - C250<br /><br />Пластиковые лотки SteeStart DN100 H80 оптимальное решение для частного и коттеджного строительства, а также объектов спортивной инфраструктуры (стадионы, спортивные площадки). Водоотводные пластиковые лотки серии SteeStart DN100 имеют 5 мест предусматривающих разрез водоотводных лотков для регулировки длины, также в конструктиве предусмотрены технические заготовки для подсоединения отводных канализационных труб диаметром#nbsp;#nbsp;от 50 до 110 мм.<br /><br />Все цены соответствуют ценам компании производителя «STEELOT»<br />Стоимость доставки рассчитывается отдельно";https://static.tildacdn.com/stor6464-3332-4331-b763-323530626361/50706138.jpg;580.00;;;;;hSh42YdnooCitmAHd6B3;;0;0;0;0
751842021251;;P1055C;;"Системы водоотвода";"Лоток пластиковый SteeStart DN100 H55";"размер: 1000x146x55 мм";"Ширина гидр. сечения - DN 100<br />Длина - 1000 мм<br />Ширина - 146 мм<br />Высота - 55 мм<br />Вес 0.94 кг<br />Класс нагрузки - A15 - C250<br /><br />Пластиковые лотки SteeStart DN100 H55 предназначены для сбора и отвода поверхностных вод в местах с ограниченной глубиной заложения водоотводных лотков (эксплуатируемой кровли, многоуровнивые парковки, а также пешеходных и проезжих зон с небольшой площадью водосбора). Водоотводные пластиковые лотки серии SteeStart DN100 имеют 5 мест предусматривающих разрез водоотводных лотков для регулировки длины, также в конструктиве предусмотрены технические заготовки для подсоединения отводных канализационных труб диаметром#nbsp;#nbsp;от 50 до 110 мм.<br /><br />Все цены соответствуют ценам компании производителя «STEELOT»<br />Стоимость доставки рассчитывается отдельно";https://static.tildacdn.com/stor3538-3536-4134-a437-353465656138/23834383.jpg;520.00;;;;;lpRFka0hCrZC8X3rCCcV;;0;0;0;0
142480867831;;P1020В;;"Системы водоотвода";"Решетка стальная ячеистая SteeStart DN100 B125";"размер: 1000x136x20 мм";"Ширина гидр. Сечения - DN 100<br />Длина - 1000 мм<br />Ширина - 136 мм<br />Высота - 20 мм<br />Вес - 3.5 кг<br />Класс нагрузки - В125<br /><br />Решетка водоприемная стальная ячеистая серии SteeStart DN100 совместима с водоотводными лотками серии SteeStart DN100 Н55/80/120/180. Класс нагрузки В125. Применяется для парковых зон, частных домовладений, благоустройства дворов,#nbsp;#nbsp;паркингов, отмостки зданий. Подходит для установки в местах с не интенсивным движением легкового транспорта.<br /><br />Все цены соответствуют ценам компании производителя «STEELOT»<br />Стоимость доставки рассчитывается отдельно";https://static.tildacdn.com/stor3762-3261-4663-b766-343066346661/64390004.jpg;2450.00;;;;;OYYm5D16zOrn4oHFPyMe;;0;0;0;0
188917044521;;P1005C;;"Системы водоотвода";"Решетка чугунная волна SteeStart DN100 C250";"размер: 498x136x15 мм";"Ширина гидр. Сечения - DN 100<br />Длина - 498 мм<br />Ширина - 136 мм<br />Высота - 15 мм<br />Вес - 2.1 кг<br />Класс нагрузки - С250<br /><br />Решетка водоприемная чугунная волна серии SteeStart DN100 совместима с водоотводными лотками серии SteeStart DN100 Н55/80/120/180. Класс нагрузки С250. Оптимальное решение для благоустройства придомовомой территории, спортивных сооружений, паркингов для легкового и легкового коммерческого транспорта, дорог с малой интенсивностью движения где не предусмотрен проезд грузового транспорта и строительной спецтехники.<br /><br />Все цены соответствуют ценам компании производителя «STEELOT»<br />Стоимость доставки рассчитывается отдельно";https://static.tildacdn.com/stor3161-3365-4365-b862-303834383835/10777417.jpg;1200.00;;;;;AukpZDLHJlmEEXBy2cul;;0;0;0;0
266182275311;;Р1018AС;;"Системы водоотвода";"Решетка полиамидная SteeStart DN100 C250";"размер: 499x139x44 мм";"Ширина гидр. Сечения - DN 100<br />Длина - 499 мм<br />Ширина - 139 мм<br />Высота - 44 мм<br />Вес - 1.13 кг<br />Класс нагрузки - С250<br /><br />Решетка водоприемная полиамидная серии SteeStart DN100 совместима с водоотводными лотками серии SteeStart DN100 Н93/133/193 высокий борт. Класс нагрузки С250. Оптимальное решение для благоустройства придомовомой территории, спортивных сооружений, паркингов для легкового и легкового коммерческого транспорта, дорог с малой интенсивностью движения где не предусмотрен проезд грузового транспорта и строительной спецтехники. <br />Высокая прочность материала;<br />Устойчивость к механическому износу, маслам, органическим растворителям, бензину, реагентам;<br />Выдерживают температуры в диапазоне от -50 до +95°С;<br />Легкий вес, простота в установке;<br />Увеличенные ребра жесткости;<br />Предназначены под области применения с нагрузками класса С250.<br />Полиамидная решетка на подвергается коррозии и прекрасно сохраняет эстетический внешний вид на протяжении всего срока службы.<br /><br />Все цены соответствуют ценам компании производителя «STEELOT»<br />Стоимость доставки рассчитывается отдельно<br /><br /><strong>ВАЖНО!!! Решетка полиамидная SteeStart DN100 C250 применяется только с водоотводными лотками серии SteeStart DN100 H93, DN100 Н133 и DN100 Н193 высокий борт, а также пескоуловителем SteeStart DN100 H426.</strong><br /><br />";https://static.tildacdn.com/stor3730-3538-4661-a465-316236326461/98682541.jpg;1000.00;;;;;FvF70F0DxnTjGtxiAxO7;;0;0;0;0
465569270011;;P1518C;;"Системы водоотвода";"Лоток пластиковый SteeStart DN150 H180";"размер: 1000x196x180мм";"Ширина гидр. сечения - DN 150<br />Длина - 1000 мм<br />Ширина - 196 мм<br />Высота - 180 мм<br />Вес 2.31 кг<br />Класс нагрузки - A15 - C250<br /><br />Пластиковые водоотводные лотки SteeStart DN150 Н180 применяются для монтажа линейных участков водоотводных поверхностных систем коммерческих и жилых объектов, частных домовладений, благоустройства пешеходных зон, проезжих частей с малой интенсивностью движения и территорий с повышенной площадью водосбора, где недостаточно сечения лотков серии SteeStart DN100.<br /><br />Все цены соответствуют ценам компании производителя «STEELOT»<br />Стоимость доставки рассчитывается отдельно";https://static.tildacdn.com/stor3432-3662-4236-b834-393237323636/92445466.jpg;1100.00;;;;;C4dtbSPUM3Vjjrr7fhkl;;0;0;0;0
508813100981;;P1515К;;"Системы водоотвода";"Решетка стальная штампованная SteeStart DN150 A15";"размер: 1000x186x16,5 мм";"Ширина гидр. Сечения - DN 150<br />Длина - 1000 мм<br />Ширина - 186 мм<br />Высота - 16,5 мм<br />Вес - 2,75 кг<br />Класс нагрузки - A15<br /><br />Решетка водоприемная стальная штампованная серии SteeStart DN150 совместима с водоотводными лотками серии SteeStart DN150 Н180. Класс нагрузки А15, применяется#nbsp;#nbsp;в пешеходных зонах, отмостки зданий, и придомовых территория где не предусмотрен наезд легкового и грузового транспорта.<br /><br />Все цены соответствуют ценам компании производителя «STEELOT»<br />Стоимость доставки рассчитывается отдельно";https://static.tildacdn.com/stor3265-3833-4461-b032-346363653330/97276048.jpg;1465.00;;;;;JhipRHehiI0Tm9tgOT1u;;0;0;0;0
126512862901;;P1522В;;"Системы водоотвода";"Решетка стальная ячеистая SteeStart DN150 B125";"размер: 1000x186x22 мм";"Ширина гидр. Сечения - DN 150<br />Длина - 1000 мм<br />Ширина - 186 мм<br />Высота - 22 мм<br />Вес - 4.8 кг<br />Класс нагрузки - В125<br /><br />Решетка водоприемная стальная ячеистая серии SteeStart DN150 совместима с водоотводными лотками серии SteeStart DN150 Н180. Класс нагрузки В125. Применяется для парковых зон, частных домовладений, благоустройства дворов,#nbsp;#nbsp;паркингов, отмостки зданий. Подходит для установки в местах с не интенсивным движением легкового транспорта.<br /><br />Все цены соответствуют ценам компании производителя «STEELOT»<br />Стоимость доставки рассчитывается отдельно";https://static.tildacdn.com/stor6535-3533-4337-b335-633933303831/64392099.jpg;3400.00;;;;;V1Dt6GvB081BYLae1iRa;;0;0;0;0
828913548631;;P1505C;;"Системы водоотвода";"Решетка чугунная волна SteeStart DN150 C250";"размер: 498x186x21 мм";"Ширина гидр. Сечения - DN 150<br />Длина - 498 мм<br />Ширина - 186 мм<br />Высота - 21 мм<br />Вес - 3.9 кг<br />Класс нагрузки - С250<br />Решетка водоприемная чугунная волна серии SteeStart DN150 совместима с водоотводными лотками серии SteeStart DN150 Н180. Класс нагрузки С250. Оптимальное решение для благоустройства придомовомой территории, спортивных сооружений, паркингов для легкового и легкового коммерческого транспорта, дорог с малой интенсивностью движения где не предусмотрен проезд грузового транспорта и строительной спецтехники.<br /><br />Все цены соответствуют ценам компании производителя «STEELOT»<br />Стоимость доставки рассчитывается отдельно";https://static.tildacdn.com/stor3463-3165-4839-a165-303263326365/43821547.jpg;2220.00;;;;;l7LRcpGAUTzc8hT9ksI8;;0;0;0;0
115591737371;;Р13;;"Системы водоотвода";"Крепеж для пластикового лотка DN100";;"Для предотвращения сдвига решеток или крышек, которые прикрывают канал водоотвода, применяются специальные крепления решеток и крышек к водоотводным лоткам. Крепеж усиливает конструкцию системы, а также выполняет антивандальную функцию. Надежная фиксация решетки повышает безопасность территории — снижается риск получения травм пешеходами и попадания в канал колеса проезжающего автомобиля.<br />Особенности крепежа для пластикового лотка:<br />#nbsp;- стойкость к агрессивным средам;<br />#nbsp;- отсутствие деформаций при самопроизвольном скручивании винта;<br />#nbsp;- возможность использования для мелкосидящих лотков;<br />#nbsp;- устойчивость к коррозии.<br /><br />Все цены соответствуют ценам компании производителя «STEELOT»<br />Стоимость доставки рассчитывается отдельно";https://static.tildacdn.com/stor6666-3238-4834-b132-386630363966/22090138.jpg;65.00;;;;;ojHRDR8ncPtj47KPFKP0;;0;0;0;0
478153705721;;Р18;;"Системы водоотвода";"Заглушка-переходник к лотку пластиковому DN100";;"Торцевые заглушки устанавливаются в начале и конце водоотводной линии и служат для предотвращения пролива из лотков. Элементы изготавливаются из морозоустойчивого пластика и используются в системах ливневой канализации.<br /><br />Заглушка универсальная SteeStart DN100 применяются для пластиковых водоотводных лотков соответствующей серии. Изделия совместимы с конструкциями различных размеров по высоте, а также применяются при монтаже каскадной системы. На лицевой поверхности торцевой заглушки проставлены отметки высот, подходящие под соответствующие показатели водоотводных лотков серии SteeStart DN100.<br /><br />Все цены соответствуют ценам компании производителя «STEELOT»<br />Стоимость доставки рассчитывается отдельно";https://static.tildacdn.com/stor3738-6263-4665-b962-356339316533/95558510.jpg;200.00;;;;;SUhea6iCuEFFNUZz2jeS;;0;0;0;0
894501309691;;P3030C;;"Системы водоотвода";"Дождеприемник пластиковый SteeStart 300х300";"размер: 295x295x295 мм";"Ширина - 295<br />Длина - 295<br />Высота - 295<br />Класс нагрузки - A15 B125 C250<br /><br />Пластиковый дождеприемник серии SteeStart используется для отвода избыточной воды с крыш зданий, для благоустройства придомовых территорий, пешеходных зон, обочин дорог, гаражей. Пластиковый дождеприёмник прост в монтаже и обслуживании, обеспечивает качественную очистку воды и оперативный вывод жидкости с поверхности площадки. Прямоугольная конструкция оснащена патрубками и шаблонами для подключения канализационных и дренажных труб диаметром от 50 мм до 160 мм., а также предусмотрено соединение с водоотводными лотками с гидравлическим сечением DN100, высотой от#nbsp;#nbsp;h=55 до h=180, для этого с каждой стороны дождеприемника предусмотрены трафареты промаркированные под каждую высоту водоотводных лотков DN100. Пластиковый дождеприемник серии SteeStart может комплектоваться корзиной для сбора мусора и сифон-перегородками которые служат гидрозатвором, препятствующие распространению неприятного запаха из канализации. Нарастить необходимую высоту дождеприемника можно путем установки дождеприемников один на другой по высоте, это позволит подключать канализационные трубы ниже уровня промерзания грунта и использовать дождеприемник в качестве ревизионного колодца при организации глубинного дренажа.<br /><br />Все цены соответствуют ценам компании производителя «STEELOT»<br />Стоимость доставки рассчитывается отдельно";https://static.tildacdn.com/stor3639-6534-4539-b633-363832343832/95063989.jpg;780.00;;;;;Ka4xJZLE9rUNsf3y43lT;;0;0;0;0
235278582801;;SР3030С;;"Системы водоотвода";"Перегородка пластиковая 300х300";"300x300 мм";"Перегородка пластиковая для дождеприемника SteeStart 300х300 служат гидрозатвором, препятствующие распространению неприятного запаха из канализации. На один дождеприемник необходимо 2 пластиковые перегородки.<br /><br />Все цены соответствуют ценам компании производителя «STEELOT»<br />Стоимость доставки рассчитывается отдельно";https://static.tildacdn.com/stor3165-3737-4233-a530-393832313834/78133451.jpg;116.00;;;;;OPTcfZPgOBo2HDsf1UYx;;0;0;0;0
992298427151;;PR3030C;;"Системы водоотвода";"Корзинка пластиковая 300х300";"300x300 мм";"Корзинка пластиковая для дождеприемника SteeStart 300х300 защищает от попадания в канализацию крупного мусора — камней, веток, листьев и песка, они оседают на дне и не проходят дальше в канализацию.<br /><br />Все цены соответствуют ценам компании производителя «STEELOT»<br />Стоимость доставки рассчитывается отдельно";https://static.tildacdn.com/stor3034-3032-4037-a164-373233633631/59816120.jpg;184.00;;;;;dnhjY8L9O1KMz2N4ZTXJ;;0;0;0;0
164635710521;;Р3030В;;"Системы водоотвода";"Решетка пластиковая SteeStart 300х300 А15 черная";"300x300 мм";"Решетка водоприемная пластиковая серии SteeStart с классом нагрузки А15, применяется#nbsp;#nbsp;в пешеходных зонах, отмостки зданий и придомовых территория где не предусмотрен наезд легкового и грузового транспорта.<br /><br />Все цены соответствуют ценам компании производителя «STEELOT»<br />Стоимость доставки рассчитывается отдельно";https://static.tildacdn.com/stor3130-6237-4966-b762-343865356236/32598630.jpg;360.00;;;;;C35IuIorr0JdX544MU9c;;0;0;0;0
171691193401;;P3030A;;"Системы водоотвода";"Решетка стальная штампованная SteeStart 300х300 А15";"300x300 мм";"Решетка водоприемная стальная штампованная серии SteeStart с классом нагрузки А15, применяется#nbsp;#nbsp;в пешеходных зонах, отмостки зданий и придомовых территория где не предусмотрен наезд легкового и грузового транспорта.<br /><br />Все цены соответствуют ценам компании производителя «STEELOT»<br />Стоимость доставки рассчитывается отдельно";https://static.tildacdn.com/stor3739-3665-4230-b339-653334666462/58997831.jpg;910.00;;;;;o4nZKiE5Z2PflAGBLUdx;;0;0;0;0
573032145191;;P3030AB;;"Системы водоотвода";"Решетка стальная ячеистая SteeStart 300х300 В125";"300x300 мм";"Решетка водоприемная стальная ячеистая серии SteeStart с классом нагрузки В125, применяется для парковых зон, частных домовладений, благоустройства дворов,#nbsp;#nbsp;паркингов, отмостки зданий. Подходит для установки в местах с не интенсивным движением легкового транспорта.<br /><br />Все цены соответствуют ценам компании производителя «STEELOT»<br />Стоимость доставки рассчитывается отдельно";https://static.tildacdn.com/stor6334-6463-4664-b239-646137656465/24281385.jpg;1450.00;;;;;GAfGRJO02LyYGE1aVu7c;;0;0;0;0
499579804851;;Р3030AС;;"Системы водоотвода";"Решетка чугунная SteeStart щелевая 300х300 С250";"300x300 мм";"Решетка водоприемная чугунная серии SteeStart с классом нагрузки С250, оптимальное решение для благоустройства придомовой территории, спортивных сооружений, паркингов для легкового и легкового коммерческого транспорта, дорог с малой интенсивностью движения где не предусмотрен проезд грузового транспорта и строительной спецтехники.<br /><br />Все цены соответствуют ценам компании производителя «STEELOT»<br />Стоимость доставки рассчитывается отдельно";https://static.tildacdn.com/stor6632-3837-4434-b631-653433653330/38794943.jpg;1535.00;;;;;JL1MffBUlK0Bb2YOkBIV;;0;0;0;0
112232867421;;;;"Паркет Б.9.ПСМ.8";"Паркет (Б.9.Псм.8) гладкий Хаски";"Комплект из 4 плит:<br />480x160 мм, 360x160 мм, 480x110 мм, 360x110 мм<br />Толщина 80 мм";"Паркет Б.9.Псм.8<br /><br />Комплект из 4 плит:<br />480x160 мм, 360x160 мм, 480x110 мм, 360x110 мм<br />ГОСТ 17608-2017<br /><br /><ul><li data-list=""bullet"">Класс бетона изделий по прочности на сжатие: В30</li><li data-list=""bullet"">Марка бетона по морозостойкости F₂200</li><li data-list=""bullet"">Водопоглощение не более 5%</li><li data-list=""bullet"">Марка по истираемости G1</li></ul><br /><p style=""text-align: left;"">Тротуарная плитка ""ПАРКЕТ"" Б.9.Псм.8, коллекция - Листопад гладкий, цвет - Хаски.</p><p style=""text-align: left;"">Мультиформатные тротуарные плиты, имитирующие напольное покрытие “паркетная доска”.</p><br />Мы гарантируем точность соблюдения технологии производства и как следствие, высокое качество продукции.<br /><br />На паллете – 9,94 м2<br /><br /><strong>Стоимость указана за 1 кв.м. без учета доставки от завода производителя</strong>";https://static.tildacdn.com/stor3832-3335-4931-b934-353439353066/50137453.jpg;;;;;;2sfaRANjK97zJFG88MFR;;0;0;0;0
628743965091;;;;;"Паркет (Б.9.Псм.8) гладкий Хаски - Листопад® гладкий - Хаски";;;https://static.tildacdn.com/stor3832-3335-4931-b934-353439353066/50137453.jpg;3200.00;;;"Коллекция:Листопад® гладкий;Цвет:Хаски";;7CtBzsaormmez2irkCAr;112232867421;0;0;0;0
443845921851;;;;"Паркет Б.9.ПСМ.8";"Паркет (Б.9.Псм.8) StoneMix Белый";"Комплект из 4 плит:<br />480x160 мм, 360x160 мм, 480x110 мм, 360x110 мм<br />Толщина 80 мм";"Паркет Б.9.Псм.8<br /><br />Комплект из 4 плит:<br />480x160 мм, 360x160 мм, 480x110 мм, 360x110 мм<br />ГОСТ 17608-2017<br /><br /><ul><li data-list=""bullet"">Класс бетона изделий по прочности на сжатие: В30</li><li data-list=""bullet"">Марка бетона по морозостойкости F₂200</li><li data-list=""bullet"">Водопоглощение не более 5%</li><li data-list=""bullet"">Марка по истираемости G3</li></ul><br /><p style=""text-align: left;"">""Паркетная доска"" — имитация напольного отделочного материала в мощении. Тротуарный паркет позволяет создавать новые зрительные образы, объединяющие в себе минималистичность скандинавского дизайна в сочетании с домашним уютом. Это <strong>один из самых востребованных видов благоустройства в Европе</strong>.</p><p style=""text-align: left;"">Плиты ""Паркет"" с фактурой ""Мрамор"" <strong>производятся с добавлением натуральной мраморной крошки</strong>, что позволяет получить эффектную декоративную поверхность. Мелкие частицы мрамора в верхнем слое плитки отражают свет, создают ощущение блеска. Плиты “Мрамор” <strong>отличаются высокой износостойкостью и долговечностью</strong>.</p><p style=""text-align: left;"">Выбирая тротуарный “Паркет” с фактурой светлый мрамор, Вы <strong>можете решить задачу визуального увеличения пространства</strong>, например, удлинить образ короткой дорожки. А комбинируя его с контрастными темными цветами - создать более яркий и динамичный ландшафт.</p><p style=""text-align: left;"">Плиты серии «Паркет» выдерживают высокие нагрузки за счет толщины изделий 80 мм, подходят для мощения пешеходных зон, транспортных проездов и мест парковки легкового транспорта.</p><p style=""text-align: left;""><strong>Форма включает тротуарные плиты размером - 480х160х80 / 360х160х80 / 480х110х80 / 360х110х80 мм.</strong></p><br />На паллете – 9,94 м2<br /><br /><strong>Стоимость указана за 1 кв.м. без учета доставки от завода производителя</strong>";https://static.tildacdn.com/stor3734-3634-4332-b063-633732623032/72433756.jpg;;;;;;RcSYdmtPHf9HUzcZVhuN;;0;0;0;0
910464717401;;;;;"Паркет (Б.9.Псм.8) StoneMix Белый - StoneMix - Белый";;;https://static.tildacdn.com/stor3734-3634-4332-b063-633732623032/72433756.jpg;4700.00;;;"Коллекция:StoneMix;Цвет:Белый";;l6VtoDDFXakk2DTUIrV2;443845921851;0;0;0;0
384349224801;;;;"Паркет Б.9.ПСМ.8";"Паркет (Б.9.Псм.8) StoneMix Черный";"Комплект из 4 плит:<br />480x160 мм, 360x160 мм, 480x110 мм, 360x110 мм<br />Толщина 80 мм";"Паркет Б.9.Псм.8<br /><br />Комплект из 4 плит:<br />480x160 мм, 360x160 мм, 480x110 мм, 360x110 мм<br />ГОСТ 17608-2017<br /><br /><ul><li data-list=""bullet"">Класс бетона изделий по прочности на сжатие: В30</li><li data-list=""bullet"">Марка бетона по морозостойкости F₂200</li><li data-list=""bullet"">Водопоглощение не более 5%</li><li data-list=""bullet"">Марка по истираемости G3</li></ul><br /><p style=""text-align: left;"">""Паркетная доска"" — имитация напольного отделочного материала в мощении. Тротуарный паркет позволяет создавать новые зрительные образы, объединяющие в себе минималистичность скандинавского дизайна в сочетании с домашним уютом. Это <strong>один из самых востребованных видов благоустройства в Европе</strong>.</p><p style=""text-align: left;"">Плиты ""Паркет"" с фактурой ""Мрамор"" <strong>производятся с добавлением натуральной мраморной крошки</strong>, что позволяет получить эффектную декоративную поверхность. Мелкие частицы мрамора в верхнем слое плитки отражают свет, создают ощущение блеска. Плиты “Мрамор” <strong>отличаются высокой износостойкостью и долговечностью</strong>.</p><p style=""text-align: left;"">Выбирая тротуарный “Паркет” с фактурой светлый мрамор, Вы <strong>можете решить задачу визуального увеличения пространства</strong>, например, удлинить образ короткой дорожки. А комбинируя его с контрастными темными цветами - создать более яркий и динамичный ландшафт.</p><p style=""text-align: left;"">Плиты серии «Паркет» выдерживают высокие нагрузки за счет толщины изделий 80 мм, подходят для мощения пешеходных зон, транспортных проездов и мест парковки легкового транспорта.</p><p style=""text-align: left;""><strong>Форма включает тротуарные плиты размером - 480х160х80 / 360х160х80 / 480х110х80 / 360х110х80 мм.</strong></p><br />На паллете – 9,94 м2<br /><br /><strong>Стоимость указана за 1 кв.м. без учета доставки от завода производителя</strong>";https://static.tildacdn.com/stor6633-6264-4132-a466-346265343237/36252216.jpg;;;;;;FZ8PMaz2fFiPTO7thByE;;0;0;0;0
397539741171;;;;;"Паркет (Б.9.Псм.8) StoneMix Черный - StoneMix - Чёрный";;;https://static.tildacdn.com/stor6633-6264-4132-a466-346265343237/36252216.jpg;4700.00;;;"Коллекция:StoneMix;Цвет:Чёрный";;tlUZnHsYN4VS8DzjBSOF;384349224801;0;0;0;0
110571127231;;;;"Мегаполис Б.5.П.8";"Мегаполис (Б.5.П.8) Искусственный камень Шунгит";"Размер плиты 600x300x80 мм";"Мегаполис Б.5.П.8<br /><br />Размер 600x300x80 мм<br /><ul><li>ГОСТ 17608-2017</li><li>Класс бетона изделий по прочности на сжатие: B30</li><li>Марка бетона по морозостойкости F₂200</li><li>Водопоглощение не более 6%</li><li>Марка по истираемости G1</li></ul><br /><p style=""text-align: left;"">Тротуарные плиты ""Мегаполис"" (""Прямоугольник"" Б.5.П.8), коллекция - Искусственный камень, цвет - Шунгит.</p><p style=""text-align: left;"">Серия Б.5.П.8 отличается большим размером плит - 600х300х80 мм. Это идеальное решение для благоустройства городских площадей, пешеходных и парковочных зон, дорожек в скверах и парках. Плиты из коллекции ""Искусственный камень"" имеют уникальный рисунок на поверхности формы, имитирующий природную фактуру камня.</p><p style=""text-align: left;"">Крупноформатные плиты также подходят для создания пошаговых садовых дорожек.</p><br />Мы гарантируем точность соблюдения технологии производства и как следствие, высокое качество продукции.<br /><br />На паллете – 10,8 м2<br /><br /><strong>Стоимость указана за 1 кв.м. без учета доставки от завода производителя</strong>";https://static.tildacdn.com/stor3864-3364-4733-b632-633561363065/20026223.jpg;;;;;;DpNTbjgsByULMGUz3MHJ;;0;0;0;0
669774588491;;;;;"Мегаполис (Б.5.П.8) Искусственный камень Шунгит - Искусственный камень - Шунгит";;;https://static.tildacdn.com/stor3864-3364-4733-b632-633561363065/20026223.jpg;3850.00;;;"Коллекция:Искусственный камень;Цвет:Шунгит";;ABUCXdsDB90hVHoaouNy;110571127231;0;0;0;0
543918106151;;;;"Мегаполис Б.5.П.8";"Мегаполис (Б.5.П.8) Искусственный камень Степняк";"Размер плиты 600x300x80 мм";"Мегаполис Б.5.П.8<br /><br />Размер 600x300x80 мм<br /><ul><li>ГОСТ 17608-2017</li><li>Класс бетона изделий по прочности на сжатие: B30</li><li>Марка бетона по морозостойкости F₂200</li><li>Водопоглощение не более 6%</li><li>Марка по истираемости G1</li></ul><br /><p style=""text-align: left;"">Тротуарные плиты ""Мегаполис"" (""Прямоугольник"" Б.5.П.8), коллекция - Искусственный камень, цвет - Степняк.</p><p style=""text-align: left;"">Серия Б.5.П.8 отличается большим размером плит - 600х300х80 мм. Это идеальное решение для благоустройства городских площадей, пешеходных и парковочных зон, дорожек в скверах и парках. Плиты из коллекции ""Искусственный камень"" имеют уникальный рисунок на поверхности формы, имитирующий природную фактуру камня.</p><p style=""text-align: left;"">Крупноформатные плиты также подходят для создания пошаговых садовых дорожек.</p><br />Мы гарантируем точность соблюдения технологии производства и как следствие, высокое качество продукции.<br /><br />На паллете – 10,8 м2<br /><br /><strong>Стоимость указана за 1 кв.м. без учета доставки от завода производителя</strong>";https://static.tildacdn.com/stor6638-3130-4632-b966-633630623032/74028824.jpg;;;;;;1mTR4umet8nmLF6Day6p;;0;0;0;0
531965356651;;;;;"Мегаполис (Б.5.П.8) Искусственный камень Степняк - Искусственный камень - Степняк";;;https://static.tildacdn.com/stor6638-3130-4632-b966-633630623032/74028824.jpg;3850.00;;;"Коллекция:Искусственный камень;Цвет:Степняк";;5VTOhIfg8hnbTNMNs6O9;543918106151;0;0;0;0
491582227581;;;;"Паркет Б.9.ПСМ.8";"Паркет (Б.9.Псм.8) Искусственный камень Шунгит";"Комплект из 4 плит:<br />480x160 мм, 360x160 мм, 480x110 мм, 360x110 мм<br />Толщина 80 мм";"Паркет Б.9.Псм.8<br /><br /><p style=""text-align: left;"">Мультиформатные тротуарные плиты, имитирующие напольное покрытие “паркетная доска”. Выполнены в цветовой гамме “Шунгит”, имитирующей природный камень, выдерживают высокие нагрузки за счет толщины плит 80 мм. </p><br />Комплект из 4 плит:<br />480x160 мм, 360x160 мм, 480x110 мм, 360x110 мм<br />ГОСТ 17608-2017<br /><br /><ul><li>Класс бетона изделий по прочности на сжатие: В30</li><li>Марка бетона по морозостойкости F₂200</li><li>Водопоглощение не более 5%</li><li>Марка по истираемости G1</li></ul><br />Мы гарантируем точность соблюдения технологии производства и как следствие, высокое качество продукции.<br /><br />На паллете – 9,94 м2<br /><br /><strong>Стоимость указана за 1 кв.м. без учета доставки от завода производителя</strong>";https://static.tildacdn.com/stor6431-3633-4233-b939-656332356631/23447767.jpg;;;;;;5h93iJimrY3ivbAjcacV;;0;0;0;0
138085814301;;;;;"Паркет (Б.9.Псм.8) Искусственный камень Шунгит - Искусственный камень - Шунгит";;;https://static.tildacdn.com/stor6431-3633-4233-b939-656332356631/23447767.jpg;3850.00;;;"Коллекция:Искусственный камень;Цвет:Шунгит";;MRi2zmHPsmREM7rP1VYp;491582227581;0;0;0;0
267015253671;;;;"Паркет Б.9.ПСМ.8";"Паркет (Б.9.Псм.8) Искусственный камень Доломит";"Комплект из 4 плит:<br />480x160 мм, 360x160 мм, 480x110 мм, 360x110 мм<br />Толщина 80 мм";"Паркет Б.9.Псм.8<br /><br /><p style=""text-align: left;"">Мультиформатные тротуарные плиты, имитирующие напольное покрытие “паркетная доска”. Выполнены в цветовой гамме “Доломит”, имитирующей природный камень, выдерживают высокие нагрузки за счет толщины плит 80 мм.</p><br />Комплект из 4 плит:<br />480x160 мм, 360x160 мм, 480x110 мм, 360x110 мм<br />ГОСТ 17608-2017<br /><br /><ul><li>Класс бетона изделий по прочности на сжатие: В30</li><li>Марка бетона по морозостойкости F₂200</li><li>Водопоглощение не более 5%</li><li>Марка по истираемости G1</li></ul><br />Мы гарантируем точность соблюдения технологии производства и как следствие, высокое качество продукции.<br /><br />На паллете – 9,94 м2<br /><br /><strong>Стоимость указана за 1 кв.м. без учета доставки от завода производителя</strong>";https://static.tildacdn.com/stor3931-3261-4233-b839-626437336538/93300185.jpg;;;;;;xM9LhBouJIonZkpFI1fL;;0;0;0;0
504005894051;;;;;"Паркет (Б.9.Псм.8) Искусственный камень Доломит - Искусственный камень - Доломит";;;https://static.tildacdn.com/stor3931-3261-4233-b839-626437336538/93300185.jpg;3850.00;;;"Коллекция:Искусственный камень;Цвет:Доломит";;Iv6jKE09ePeZafY4jtn6;267015253671;0;0;0;0
163712252021;;;;"Паркет Б.9.ПСМ.8";"Паркет (Б.9.Псм.8) Искусственный камень Степняк";"Комплект из 4 плит:<br />480x160 мм, 360x160 мм, 480x110 мм, 360x110 мм<br />Толщина 80 мм";"Паркет Б.9.Псм.8<br /><br /><p style=""text-align: left;"">Мультиформатные тротуарные плиты, имитирующие напольное покрытие “паркетная доска”. Выполнены в цветовой гамме “Степняк”, имитирующей природный камень, выдерживают высокие нагрузки за счет толщины плит 80 мм.</p><br />Комплект из 4 плит:<br />480x160 мм, 360x160 мм, 480x110 мм, 360x110 мм<br />ГОСТ 17608-2017<br /><br /><ul><li>Класс бетона изделий по прочности на сжатие: В30</li><li>Марка бетона по морозостойкости F₂200</li><li>Водопоглощение не более 5%</li><li>Марка по истираемости G1</li></ul><br />Мы гарантируем точность соблюдения технологии производства и как следствие, высокое качество продукции.<br /><br />На паллете – 9,94 м2<br /><br /><strong>Стоимость указана за 1 кв.м. без учета доставки от завода производителя</strong>";https://static.tildacdn.com/stor6333-3564-4437-b030-366234653061/25750303.jpg;;;;;;DyalgYBAZGapU1iegEen;;0;0;0;0
392807178561;;;;;"Паркет (Б.9.Псм.8) Искусственный камень Степняк - Искусственный камень - Степняк";;;https://static.tildacdn.com/stor6333-3564-4437-b030-366234653061/25750303.jpg;3850.00;;;"Коллекция:Искусственный камень;Цвет:Степняк";;yFmhGbBKRrGN5l0ur16a;163712252021;0;0;0;0
305056727522;;;;Оригами;"Оригами (Б.4.Фсм.8) Стандарт Белый";"Комплект из 6 видов плит. Высота - 80 мм.";"<p style=""text-align: left;"">Модульные тротуарные плиты ""Оригами"" Б.4.Фсм.8</p><br /><p style=""text-align: left;"">Тротуарная плитка “Оригами” — оригинальная, ультрасовременная модульная форма, которая включает 6 плит разной конфигурации, при укладке комбинируемых между собой. Относится к группе эксплуатации Б, используется преимущественно для пешеходного мощения.</p><p style=""text-align: left;"">Комплект из 6 видов плит: 559*361*280*408 мм, 591*79*558*152*280 мм, 280*420*243*280 мм, 206*550*349*420 мм, 72*560*457*496 мм, 457*560*280*496 мм. Высота - 80 мм.</p><br />Мы гарантируем точность соблюдения технологии производства и как следствие, высокое качество продукции.<br /><br />На паллете – 8,15 м2<br /><br /><strong>Стоимость указана за 1 кв.м. без учета доставки от завода производителя</strong>";https://static.tildacdn.com/stor6266-3230-4262-a535-663535383739/54169131.jpg;;;;;;1LNFy1YTcakRHsAru8ok;;0;0;0;0
973658913912;;;;;"Оригами (Б.4.Фсм.8) Стандарт Белый - Стандарт - Белый";;;https://static.tildacdn.com/tild6334-3032-4865-b139-393239336266/01-02.jpg;2250.00;;;"Коллекция:Стандарт;Цвет:Белый";;efU32yIVK7DGmOjYc93P;305056727522;0;0;0;0
806150593502;;;;Оригами;"Оригами (Б.4.Фсм.8) Стандарт Черный";"Комплект из 6 видов плит. Высота - 80 мм.";"<p style=""text-align: left;"">Модульные тротуарные плиты ""Оригами"" Б.4.Фсм.8</p><br /><p style=""text-align: left;"">Тротуарная плитка “Оригами” — оригинальная, ультрасовременная модульная форма, которая включает 6 плит разной конфигурации, при укладке комбинируемых между собой. Относится к группе эксплуатации Б, используется преимущественно для пешеходного мощения.</p><p style=""text-align: left;"">Комплект из 6 видов плит: 559*361*280*408 мм, 591*79*558*152*280 мм, 280*420*243*280 мм, 206*550*349*420 мм, 72*560*457*496 мм, 457*560*280*496 мм. Высота - 80 мм.</p><br />Мы гарантируем точность соблюдения технологии производства и как следствие, высокое качество продукции.<br /><br />На паллете – 8,15 м2<br /><br /><strong>Стоимость указана за 1 кв.м. без учета доставки от завода производителя</strong>";https://static.tildacdn.com/stor6333-6265-4461-b937-363966626537/87816247.jpg;;;;;;X3zhGuABoMafVeZMPXdY;;0;0;0;0
263718963022;;;;;"Оригами (Б.4.Фсм.8) Стандарт Черный - Стандарт - Чёрный";;;https://static.tildacdn.com/tild3633-3738-4466-a363-393763343837/01-03.jpg;2100.00;;;"Коллекция:Стандарт;Цвет:Чёрный";;Hc981uD5tdNgm7TR5449;806150593502;0;0;0;0
817048239092;;;;Оригами;"Оригами (Б.4.Фсм.8) Гранит Черный";"Комплект из 6 видов плит. Высота - 80 мм.";"<p style=""text-align: left;"">Модульные тротуарные плиты ""Оригами"" Б.4.Фсм.8</p><br /><p style=""text-align: left;"">Тротуарная плитка “Оригами” — оригинальная, ультрасовременная модульная форма, которая включает 6 плит разной конфигурации, при укладке комбинируемых между собой. Относится к группе эксплуатации Б, используется преимущественно для пешеходного мощения.</p><p style=""text-align: left;"">Комплект из 6 видов плит: 559*361*280*408 мм, 591*79*558*152*280 мм, 280*420*243*280 мм, 206*550*349*420 мм, 72*560*457*496 мм, 457*560*280*496 мм. Высота - 80 мм.</p><br />Мы гарантируем точность соблюдения технологии производства и как следствие, высокое качество продукции.<br /><br />На паллете – 8,15 м2<br /><br /><strong>Стоимость указана за 1 кв.м. без учета доставки от завода производителя</strong>";https://static.tildacdn.com/tild6265-6461-4035-b638-643765626536/05.jpg;;;;;;AgyZG3mPgE5fnMPS5cY8;;0;0;0;0
323707708832;;;;;"Оригами (Б.4.Фсм.8) Гранит Черный - Листопад® гранит - Чёрный";;;https://static.tildacdn.com/tild6265-6461-4035-b638-643765626536/05.jpg;3550.00;;;"Коллекция:Листопад® гранит;Цвет:Чёрный";;IhPUfFtpIECPCb8LSSRo;817048239092;0;0;0;0
183949322452;;;;Оригами;"Оригами (Б.4.Фсм.8) Гранит Белый";"Комплект из 6 видов плит. Высота - 80 мм.";"<p style=""text-align: left;"">Модульные тротуарные плиты ""Оригами"" Б.4.Фсм.8</p><br /><p style=""text-align: left;"">Тротуарная плитка “Оригами” — оригинальная, ультрасовременная модульная форма, которая включает 6 плит разной конфигурации, при укладке комбинируемых между собой. Относится к группе эксплуатации Б, используется преимущественно для пешеходного мощения.</p><p style=""text-align: left;"">Комплект из 6 видов плит: 559*361*280*408 мм, 591*79*558*152*280 мм, 280*420*243*280 мм, 206*550*349*420 мм, 72*560*457*496 мм, 457*560*280*496 мм. Высота - 80 мм.</p><br />Мы гарантируем точность соблюдения технологии производства и как следствие, высокое качество продукции.<br /><br />На паллете – 8,15 м2<br /><br /><strong>Стоимость указана за 1 кв.м. без учета доставки от завода производителя</strong>";https://static.tildacdn.com/tild6666-6632-4566-b035-376664343639/03.jpg;;;;;;iLSoEKlfJ3E9yZCxhdkm;;0;0;0;0
624191610652;;;;;"Оригами (Б.4.Фсм.8) Гранит Белый - Листопад® гранит - Белый";;;https://static.tildacdn.com/tild6666-6632-4566-b035-376664343639/03.jpg;3600.00;;;"Коллекция:Листопад® гранит;Цвет:Белый";;CrapekDmJ3o2sip7oh9J;183949322452;0;0;0;0
788887942482;;;;Оригами;"Оригами (Б.4.Фсм.8) Стоунмикс Черный";"Комплект из 6 видов плит. Высота - 80 мм.";"<p style=""text-align: left;"">Модульные тротуарные плиты ""Оригами"" Б.4.Фсм.8</p><br /><p style=""text-align: left;"">Тротуарная плитка “Оригами” — оригинальная, ультрасовременная модульная форма, с добавлением натуральной мраморной крошки, которая включает 6 плит разной конфигурации, при укладке комбинируемых между собой. Относится к группе эксплуатации Б, используется преимущественно для пешеходного мощения.</p><p style=""text-align: left;"">Комплект из 6 видов плит: 559*361*280*408 мм, 591*79*558*152*280 мм, 280*420*243*280 мм, 206*550*349*420 мм, 72*560*457*496 мм, 457*560*280*496 мм. Высота - 80 мм.</p><br />Мы гарантируем точность соблюдения технологии производства и как следствие, высокое качество продукции.<br /><br />На паллете – 8,15 м2<br /><br /><strong>Стоимость указана за 1 кв.м. без учета доставки от завода производителя</strong>";https://static.tildacdn.com/tild3233-6133-4161-a662-333564373639/02-01.jpg;;;;;;vGskz6bDU6M8pAgpIZaC;;0;0;0;0
579460665302;;;;;"Оригами (Б.4.Фсм.8) Стоунмикс Черный - StoneMix - Чёрный";;;https://static.tildacdn.com/tild3233-6133-4161-a662-333564373639/02-01.jpg;4900.00;;;"Коллекция:StoneMix;Цвет:Чёрный";;X02vPcoUG02hlXoatK33;788887942482;0;0;0;0
285851163912;;;;Оригами;"Оригами (Б.4.Фсм.8) Стоунмикс Белый";"Комплект из 6 видов плит. Высота - 80 мм.";"<p style=""text-align: left;"">Модульные тротуарные плиты ""Оригами"" Б.4.Фсм.8</p><br /><p style=""text-align: left;"">Тротуарная плитка “Оригами” — оригинальная, ультрасовременная модульная форма, с добавлением натуральной мраморной крошки, которая включает 6 плит разной конфигурации, при укладке комбинируемых между собой. Относится к группе эксплуатации Б, используется преимущественно для пешеходного мощения.</p><p style=""text-align: left;"">Комплект из 6 видов плит: 559*361*280*408 мм, 591*79*558*152*280 мм, 280*420*243*280 мм, 206*550*349*420 мм, 72*560*457*496 мм, 457*560*280*496 мм. Высота - 80 мм.</p><br />Мы гарантируем точность соблюдения технологии производства и как следствие, высокое качество продукции.<br /><br />На паллете – 8,15 м2<br /><br /><strong>Стоимость указана за 1 кв.м. без учета доставки от завода производителя</strong>";https://static.tildacdn.com/tild6437-6139-4163-b938-303762623562/01.jpg;;;;;;tDS6mGSPLcVnAgomhLVR;;0;0;0;0
861481355012;;;;;"Оригами (Б.4.Фсм.8) Стоунмикс Белый - StoneMix - Белый";;;https://static.tildacdn.com/tild6437-6139-4163-b938-303762623562/01.jpg;4900.00;;;"Коллекция:StoneMix;Цвет:Белый";;zAP9gbRV28sJPY7oJKN3;285851163912;0;0;0;0
261657370112;;;;Бордюр;"БР 50.20.8 Листопад гладкий Песчаник";"Размер 500*200*80 мм";"Камень бортовой БР 50.20.8 - это облегченный бетонный садовый бордюр, который широко используется при благоустройстве садовых дорожек, террас, тротуаров.<br /><br />Облегченный садовый бордюр БР 50.20.8 обладает следующими преимуществами:<br /><ul><li data-list=""bullet"">Удобство при создании радиусных дорожек</li><li data-list=""bullet"">Широкая цветовая гамма (можно заказать в тон выбранной тротуарной плитки)</li><li data-list=""bullet"">Легкость монтажа благодаря небольшому весу изделий</li></ul>Изготавливается садовый бордюр из бетона марки В22.5 и отличается:<br /><ul><li data-list=""bullet"">высокой прочностью на сжатие и на изгиб;</li><li data-list=""bullet"">морозоустойчивостью (до 200 циклов замерзания/оттаивания);</li><li data-list=""bullet"">низким водопоглощением (до 6%);</li><li data-list=""bullet"">низкой истираемостью (0,7 г/см2).</li></ul>Бордюрный камень шириной 8см - стандартный материал для оформления клумб и пешеходных дорожек, для аккуратного обрамления частей или отдельных композиций участка, для разграничения газонов или грядок. В этом качестве бордюрный камень является важным элементом декора, выполняющим задачу ограждения различных ландшафтных элементов. С чисто практической точки зрения, декоративный садовый бордюр предохраняет грунт от выветривания и размывания, способствуя сохранению почвы.";https://static.tildacdn.com/stor3138-3865-4239-b930-373963316539/43906138.jpg;;;;;;DKttnzlKiOZufthZe0Dm;;0;500;200;81
981543330832;;;;;"БР 50.20.8 Листопад гладкий Песчаник - Листопад® гладкий - Песчаник";;;https://static.tildacdn.com/stor3138-3865-4239-b930-373963316539/43906138.jpg;350.00;;;"Коллекция:Листопад® гладкий;Цвет:Песчаник";;dkHDAaxvZ0rpvdLo9cIT;261657370112;0;500;200;80
531195281602;;;;Щебень;"Щебень фракция 5-20 мм";;"Щебень по своим физико-механическим свойствам соответствует следующим показателям:<br /><br />- прочность: М1200-М1400<br />- лещадность 1-2 группа<br />- сопротивление дроблению и износу: И-1<br />- сопротивление истираемости по Микро-Деваль: марка МД1<br />- морозостойкость: F300 - F400<br />- содержание пылевидных частиц: 0-1,0 %<br /><br />Стоимость продукции зависит от объема поставки, а так же от места доставки продукции.<br />Все запросы по щебню вы можете направлять на почту <a href=""mailto:ap@plitka29.ru"">ap@plitka29.ru</a>";https://static.tildacdn.com/stor6535-6666-4963-b966-613839353363/4e077f523ed67b4424465b9de3879232.jpg;0;;;;;N33M5VioyCHcL45cngRk;;0;0;0;0
460694324562;;;;Щебень;"Щебень фракция 20-40 мм";;"Щебень по своим физико-механическим свойствам соответствует следующим показателям:<br /><br />- прочность: М1200-М1400<br />- лещадность 1-2 группа<br />- сопротивление дроблению и износу: И-1<br />- сопротивление истираемости по Микро-Деваль: марка МД1<br />- морозостойкость: F300 - F400<br />- содержание пылевидных частиц: 0-1,0 %<br /><br />Стоимость продукции зависит от объема поставки, а так же от места доставки продукции.<br />Все запросы по щебню вы можете направлять на почту <a href=""mailto:ap@plitka29.ru"">ap@plitka29.ru</a>";https://static.tildacdn.com/stor6333-3534-4666-b064-316338376639/b474baae033069d2595c5495520b2998.jpg;0;;;;;o7y6etsRYZTgvhJ9F8Jo;;0;0;0;0
825157337512;;;;;"Треугольник Красный";"355х355х355 мм, (Б.1.ТГ.8)";;https://static.tildacdn.com/stor3165-3166-4566-b263-346238616336/75100241.png;1950.00;;;;;LuVc4oEfLsE2ZIClid57;;0;0;0;0
367853402252;;;;;"Треугольник Коричневый";"355х355х355 мм, (Б.1.ТГ.8)";;https://static.tildacdn.com/stor3735-3433-4633-a335-363561666365/42617181.png;1950.00;;;;;7t8VRLaJxcLLKjsT57Mp;;0;0;0;0
748204063142;;;;;"Треугольник Черный";"355х355х355 мм, (Б.1.ТГ.8)";;https://static.tildacdn.com/stor6236-6634-4130-b264-343337393738/49068682.png;1950.00;;;;;PTv7tOEOMIE9eXSGYEGP;;0;0;0;0
799720693862;;;;;"Треугольник Белый";"355х355х355 мм, (Б.1.ТГ.8)";;https://static.tildacdn.com/stor3161-3534-4333-a439-613039623266/95118343.png;2000.00;;;;;r9kAgu7b2b6cvzdfEDau;;0;0;0;0
809534865112;;;;;"Треугольник Серый";"355х355х355 мм, (Б.1.ТГ.8)";;https://static.tildacdn.com/stor3464-3265-4236-a134-313634336538/52848677.png;1800.00;;;;;CngA7T9NJN0hOhl7U7ub;;0;0;0;0
125462128812;;;;Рубрикатор;Треугольник;"(Б.1.ТГ.8) 355х355х355 мм";;https://static.tildacdn.com/stor3665-6264-4639-b965-663934376661/43487923.jpg;0;;;;;cpiCgIdYt6XGlA3scDed;;0;0;0;0
862567638462;;;;Треугольник;"Треугольник Красный";"(Б.1.ТГ.8) 355х355х355 мм";"Тротуарная плитка ""ТРЕУГОЛЬНИК"" размер 355х355х355 мм в цвете Стандарт Красный. <br />Может использоваться для мощения дорожек, въездов и мест парковки легкового автотранспорта за счет толщины 80 мм. Отличается высокой прочностью и долговечностью.<br />Продажа кратно паллете. На паллете - 8.91 м2";https://static.tildacdn.com/stor3165-3166-4566-b263-346238616336/75100241.png;;;;;;YuTNGDh5KiBPf7sRaimM;;0;0;0;0
541141726152;;;;;"Треугольник Красный - Красный";;;;2000.00;;;Цвет:Красный;;Je8z3B3goho3Ov4BXklf;862567638462;0;0;0;0
290937640852;;;;Треугольник;"Треугольник Коричневый";"(Б.1.ТГ.8) 355х355х355 мм";"Тротуарная плитка ""ТРЕУГОЛЬНИК"" размер 355х355х355 мм в цвете Стандарт Коричневый.<br />Может использоваться для мощения дорожек, въездов и мест парковки легкового автотранспорта за счет толщины 80 мм. Отличается высокой прочностью и долговечностью.<br />Продажа кратно паллете. На паллете - 8.91 м2";https://static.tildacdn.com/stor3735-3433-4633-a335-363561666365/42617181.png;;;;;;RTOKJO06re4pyXJhPUa7;;0;0;0;0
365089492382;;;;;"Треугольник Коричневый - Коричневый";;;https://static.tildacdn.com/stor3735-3433-4633-a335-363561666365/42617181.png;2000.00;;;Цвет:Коричневый;;R1TsRy4lGEbS1gOjYnZJ;290937640852;0;0;0;0
201401803582;;;;Треугольник;"Треугольник Черный";"(Б.1.ТГ.8) 355х355х355 мм";"Тротуарная плитка ""ТРЕУГОЛЬНИК"" размер 355х355х355 мм в цвете Стандарт Черный.<br />Может использоваться для мощения дорожек, въездов и мест парковки легкового автотранспорта за счет толщины 80 мм. Отличается высокой прочностью и долговечностью.<br />Продажа кратно паллете. На паллете - 8.91 м2";https://static.tildacdn.com/stor6236-6634-4130-b264-343337393738/49068682.png;;;;;;RFpu18CZJTMVO7VZnS22;;0;0;0;0
507610592542;;;;;"Треугольник Черный - Чёрный";;;;2000.00;;;Цвет:Чёрный;;uPO7pNCyutV2Rh7LFvr1;201401803582;0;0;0;0
274752306502;;;;Треугольник;"Треугольник Серый";"(Б.1.ТГ.8) 355х355х355 мм";"Тротуарная плитка ""ТРЕУГОЛЬНИК"" размер 355х355х355 мм в цвете Стандарт Серый.<br />Может использоваться для мощения дорожек, въездов и мест парковки легкового автотранспорта за счет толщины 80 мм. Отличается высокой прочностью и долговечностью.<br />Продажа кратно паллете. На паллете - 8.91 м2";https://static.tildacdn.com/stor3464-3265-4236-a134-313634336538/52848677.png;;;;;;reRN2nn3SOsfzEdrKxZl;;0;0;0;0
317459417052;;;;;"Треугольник Серый - Серый";;;;1850.00;;;Цвет:Серый;;4BZ7xToRS58V9ZgJsusN;274752306502;0;0;0;0
951383707762;;;;Треугольник;"Треугольник Белый";"(Б.1.ТГ.8) 355х355х355 мм";"Тротуарная плитка ""ТРЕУГОЛЬНИК"" размер 355х355х355 мм в цвете Стандарт Белый.<br />Может использоваться для мощения дорожек, въездов и мест парковки легкового автотранспорта за счет толщины 80 мм. Отличается высокой прочностью и долговечностью.<br />Продажа кратно паллете. На паллете - 8.91 м2";https://static.tildacdn.com/stor3161-3534-4333-a439-613039623266/95118343.png;;;;;;jhjij2oBrKfMuAp9M7S7;;0;0;0;0
815698430862;;;;;"Треугольник Белый - Белый";;;;2050.00;;;Цвет:Белый;;idIv52ld35YN86JxH51v;951383707762;0;0;0;0
848773130482;;;;Рубрикатор;Соты;"(Б.3.Ш.8) 115х115х115х115х115х115 мм";;https://static.tildacdn.com/stor6331-3733-4334-b335-653061313735/54185592.png;0;;;;;uzXXarTP4cA94pbMKAaX;;0;0;0;0
248515045572;;;;Соты;"Соты Серый";"(Б.3.Ш.8) 115х115х115х115х115х115 мм";"Тротуарная плитка ""СОТЫ"" размер 115х115х115х115х115х115 мм в цвете Серый. Может использоваться для мощения дорожек, въездов и мест парковки легкового автотранспорта за счет толщины 80 мм. Отличается высокой прочностью и долговечностью<br /><br />Продажа кратно паллете. На паллете - 10.67 м2.";https://static.tildacdn.com/stor3230-3066-4730-a666-326464303637/43643859.png;;;;;;8mBXmDUTa3e2FlbkGgEE;;0;0;0;0
125382763772;;;;;"Соты Серый - Серый";;;;1850.00;;;Цвет:Серый;;j2B4fJXoT7dlogeRpgYO;248515045572;0;0;0;0
490946420752;;;;Соты;"Соты Чёрный";"(Б.3.Ш.8) 115х115х115х115х115х115 мм";"Тротуарная плитка ""СОТЫ"" размер 115х115х115х115х115х115 мм в цвете Черный. Может использоваться для мощения дорожек, въездов и мест парковки легкового автотранспорта за счет толщины 80 мм. Отличается высокой прочностью и долговечностью<br /><br />Продажа кратно паллете. На паллете - 10.67 м2.";https://static.tildacdn.com/stor3338-6239-4934-a339-643634616238/78171403.png;;;;;;kAolIi9I75rAVIRkDFR5;;0;0;0;0
866388156432;;;;;"Соты Чёрный - Чёрный";;;;2000.00;;;Цвет:Чёрный;;UXZYxc5aIMYLKeaM6vN6;490946420752;0;0;0;0
826919908922;;;;Соты;"Соты Белый";"(Б.3.Ш.8) 115х115х115х115х115х115 мм";"Тротуарная плитка ""СОТЫ"" размер 115х115х115х115х115х115 мм в цвете Белый. Может использоваться для мощения дорожек, въездов и мест парковки легкового автотранспорта за счет толщины 80 мм. Отличается высокой прочностью и долговечностью<br /><br />Продажа кратно паллете. На паллете - 10.67 м2.";https://static.tildacdn.com/stor6335-6134-4334-b161-353664666232/21589263.png;;;;;;UF1zdE46y2LBcgcdavHJ;;0;0;0;0
730745433232;;;;;"Соты Белый - Белый";;;;2050.00;;;Цвет:Белый;;nTleRLjXJyBiN1klkRPc;826919908922;0;0;0;0
304071424252;;;;Соты;"Соты Красный";"(Б.3.Ш.8) 115х115х115х115х115х115 мм";"Тротуарная плитка ""СОТЫ"" размер 115х115х115х115х115х115 мм в цвете Красный. Может использоваться для мощения дорожек, въездов и мест парковки легкового автотранспорта за счет толщины 80 мм. Отличается высокой прочностью и долговечностью<br /><br />Продажа кратно паллете. На паллете - 10.67 м2.";https://static.tildacdn.com/stor3431-6539-4839-b165-383862373861/55063443.png;;;;;;uoluyBEpeuClpLo6Ot1j;;0;0;0;0
580288824562;;;;;"Соты Красный - Красный";;;;2000.00;;;Цвет:Красный;;TGZgmFfJn3sUGlBu63FM;304071424252;0;0;0;0
851159772372;;;;Соты;"Соты Коричневый";"(Б.3.Ш.8) 115х115х115х115х115х115 мм";"Тротуарная плитка ""СОТЫ"" размер 115х115х115х115х115х115 мм в цвете Коричневый. Может использоваться для мощения дорожек, въездов и мест парковки легкового автотранспорта за счет толщины 80 мм. Отличается высокой прочностью и долговечностью<br /><br />Продажа кратно паллете. На паллете - 10.67 м2.";https://static.tildacdn.com/stor3034-6435-4761-b861-303436633265/33390396.png;;;;;;S8XgbkhFFc8ABnaKGjp6;;0;0;0;0
429303227782;;;;;"Соты Коричневый - Коричневый";;;;2000.00;;;Цвет:Коричневый;;yHlHxT2uI6mE3YTh7lux;851159772372;0;0;0;0
557466269722;;;;Соты;"Соты Искусственный камень Шунгит";"(Б.3.Ш.8) 115х115х115х115х115х115 мм";"Тротуарная плитка ""СОТЫ"" размер 115х115х115х115х115х115 мм в цвете Шунгит коллекции Искусственный камень. Может использоваться для мощения дорожек, въездов и мест парковки легкового автотранспорта за счет толщины 80 мм. Отличается высокой прочностью и долговечностью.<br /><br />Продажа кратно паллете. На паллете - 10.67 м2.";https://static.tildacdn.com/stor3665-3431-4431-b563-396530353061/80374447.jpg;;;;;;rejNtSXvuOidYXCu2fPo;;0;0;0;0
623436159842;;;;;"Соты Искусственный камень Шунгит - Шунгит";;;;3850.00;;;Цвет:Шунгит;;NOSuz9PkgSH7rYaFTl3D;557466269722;0;0;0;0
571592420742;;;;Соты;"Соты Искусственный камень Доломит";"(Б.3.Ш.8) 115х115х115х115х115х115 мм";"Тротуарная плитка ""СОТЫ"" размер 115х115х115х115х115х115 мм в цвете Доломит коллекции Искусственный камень. Может использоваться для мощения дорожек, въездов и мест парковки легкового автотранспорта за счет толщины 80 мм. Отличается высокой прочностью и долговечностью.<br /><br />Продажа кратно паллете. На паллете - 10.67 м2.";https://static.tildacdn.com/stor6563-3035-4063-a531-383761353630/14929697.jpg;;;;;;7Adha3dBfXUxsZf3bpyD;;0;0;0;0
545009055582;;;;;"Соты Искусственный камень Доломит - Доломит";;;;3850.00;;;Цвет:Доломит;;xPI8KNzYz9YgzIyORnyF;571592420742;0;0;0;0
931149418552;;;;Соты;"Соты Листопад гранит Старый замок";"(Б.3.Ш.8) 115х115х115х115х115х115 мм";"Тротуарная плитка ""СОТЫ"" размер 115х115х115х115х115х115 мм в цвете Старый замок коллекции Листопад гранит. Может использоваться для мощения дорожек, въездов и мест парковки легкового автотранспорта за счет толщины 80 мм. Отличается высокой прочностью и долговечностью.<br /><br />Продажа кратно паллете. На паллете - 10.67 м2.";https://static.tildacdn.com/stor3235-3065-4034-b233-323633363134/93356738.jpg;;;;;;o5eoye2dptfVnTspxzYP;;0;0;0;0
248026511942;;;;;"Соты Листопад гранит Старый замок - Старый замок";;;;3900.00;;;"Цвет:Старый замок";;hTvFoGvt06LP0MAjkGuy;931149418552;0;0;0;0
678358900662;;;;Соты;"Соты Листопад гранит Осень";"(Б.3.Ш.8) 115х115х115х115х115х115 мм";"Тротуарная плитка ""СОТЫ"" размер 115х115х115х115х115х115 мм в цвете Осень коллекции Листопад гранит. Может использоваться для мощения дорожек, въездов и мест парковки легкового автотранспорта за счет толщины 80 мм. Отличается высокой прочностью и долговечностью.<br /><br />Продажа кратно паллете. На паллете - 10.67 м2.";https://static.tildacdn.com/stor3739-3931-4837-a432-633539643339/79084684.jpg;;;;;;f5hlhCv8YjgymptsoTh9;;0;0;0;0
446905295712;;;;;"Соты Листопад гранит Осень - Осень";;;;3900.00;;;Цвет:Осень;;ukF1JdLImCJveAAndPoZ;678358900662;0;0;0;0
276248302532;;;;Соты;"Соты Листопад гранит Антрацит";"(Б.3.Ш.8) 115х115х115х115х115х115 мм";"Тротуарная плитка ""СОТЫ"" размер 115х115х115х115х115х115 мм в цвете Антрацит коллекции Листопад гранит. Может использоваться для мощения дорожек, въездов и мест парковки легкового автотранспорта за счет толщины 80 мм. Отличается высокой прочностью и долговечностью.<br /><br />Продажа кратно паллете. На паллете - 10.67 м2.";https://static.tildacdn.com/stor3737-6664-4133-b433-343064336334/83231124.jpg;;;;;;ejTUV2XFyYuFsrxh1nH8;;0;0;0;0
308088224892;;;;;"Соты Листопад гранит Антрацит - Антрацит";;;;3900.00;;;Цвет:Антрацит;;cVSBL645jvO0tm3a3Rlj;276248302532;0;0;0;0
867152845832;;;;Соты;"Соты Листопад гладкий Старый замок";"(Б.3.Ш.8) 115х115х115х115х115х115 мм";"Тротуарная плитка ""СОТЫ"" размер 115х115х115х115х115х115 мм в цвете Старый замок коллекции Листопад гладкий. Может использоваться для мощения дорожек, въездов и мест парковки легкового автотранспорта за счет толщины 80 мм. Отличается высокой прочностью и долговечностью.<br /><br />Продажа кратно паллете. На паллете - 10.67 м2.";https://static.tildacdn.com/stor6235-3761-4938-a566-373438393032/46943158.jpg;;;;;;7HSom4ribzH446lBadG7;;0;0;0;0
160850331262;;;;;"Соты Листопад гладкий Старый замок - Старый замок";;;;3200.00;;;"Цвет:Старый замок";;yihvig6GKOrMFtJiZtb3;867152845832;0;0;0;0
501368701672;;;;Соты;"Соты Листопад гладкий Песчаник";"(Б.3.Ш.8) 115х115х115х115х115х115 мм";"Тротуарная плитка ""СОТЫ"" размер 115х115х115х115х115х115 мм в цвете Песчаник коллекции Листопад гладкий. Может использоваться для мощения дорожек, въездов и мест парковки легкового автотранспорта за счет толщины 80 мм. Отличается высокой прочностью и долговечностью.<br /><br />Продажа кратно паллете. На паллете - 10.67 м2.";https://static.tildacdn.com/stor3536-3936-4438-b138-316331643339/60663183.jpg;;;;;;OP3dp3lfCHFg3MyKO66L;;0;0;0;0
505504492822;;;;;"Соты Листопад гладкий Песчаник - Песчаник";;;;3200.00;;;Цвет:Песчаник;;8GLtCIJvpvugB5r3fv6e;501368701672;0;0;0;0
635578956792;;;;Соты;"Соты Листопад гладкий Осень";"(Б.3.Ш.8) 115х115х115х115х115х115 мм";"Тротуарная плитка ""СОТЫ"" размер 115х115х115х115х115х115 мм в цвете Осень коллекции Листопад гладкий. Может использоваться для мощения дорожек, въездов и мест парковки легкового автотранспорта за счет толщины 80 мм. Отличается высокой прочностью и долговечностью.<br /><br />Продажа кратно паллете. На паллете - 10.67 м2.";https://static.tildacdn.com/stor3362-3932-4862-b934-363430636534/68519062.jpg;;;;;;otyg5lJoKRkPFNHLJhuv;;0;0;0;0
365382182922;;;;;"Соты Листопад гладкий Осень - Осень";;;;3200.00;;;Цвет:Осень;;THxkyg3ZJ1ZTI8ENVztT;635578956792;0;0;0;0
457662235312;;;;Соты;"Соты Листопад гладкий Антрацит";"(Б.3.Ш.8) 115х115х115х115х115х115 мм";"Тротуарная плитка ""СОТЫ"" размер 115х115х115х115х115х115 мм в цвете Антрацит коллекции Листопад гладкий. Может использоваться для мощения дорожек, въездов и мест парковки легкового автотранспорта за счет толщины 80 мм. Отличается высокой прочностью и долговечностью.<br /><br />Продажа кратно паллете. На паллете - 10.67 м2.";https://static.tildacdn.com/stor3838-3466-4164-a331-386333373766/90998685.jpg;;;;;;P05AjziagZukhGIVetsv;;0;0;0;0
520687120322;;;;;"Соты Листопад гладкий Антрацит - Антрацит";;;;3200.00;;;Цвет:Антрацит;;V9FyjE0Bo86BE2ylg4Ae;457662235312;0;0;0;0
447533789272;;;;"Паркет Б.9.ПСМ.8";"Паркет (Б.9.Псм.8) Гранит Антрацит";"Комплект из 4 плит:<br />480x160 мм, 360x160 мм, 480x110 мм, 360x110 мм<br />Толщина 80 мм";"Паркет Б.9.Псм.8<br /><br />Тротуарная плитка ""ПАРКЕТ""#nbsp;Б.9.Псм.8, коллекция - Листопад гранит, цвет - Антрацит.<br />Мультиформатные тротуарные плиты, имитирующие напольное покрытие “паркетная доска”. <br />Изготовлены <strong>с добавлением натуральной гранитной крошки в верхнем слое</strong>, обладают нескользящей зернистой поверхностью и высокими физико-механическими свойствами. <br />Предназначены для мощения пешеходных зон, въездов и мест парковки<strong> </strong>легкового автотранспорта.<br /><br />Комплект из 4 плит:<br />480x160 мм, 360x160 мм, 480x110 мм, 360x110 мм<br />ГОСТ 17608-2017<br /><br /><ul><li data-list=""bullet"">Класс бетона изделий по прочности на сжатие: В30</li><li data-list=""bullet"">Марка бетона по морозостойкости F₂200</li><li data-list=""bullet"">Водопоглощение не более 5%</li><li data-list=""bullet"">Марка по истираемости G1</li></ul><br />Мы гарантируем точность соблюдения технологии производства и как следствие, высокое качество продукции.<br /><br />На паллете – 9,94 м2<br /><br /><strong>Стоимость указана за 1 кв.м. без учета доставки от завода производителя</strong>";https://static.tildacdn.com/stor6230-3064-4034-b737-633564663266/45231571.jpg;;;;;;h0mlpNjBRL8lkilMusJs;;0;0;0;0
118100144982;;;;;"Паркет (Б.9.Псм.8) Гранит Антрацит - Листопад® гранит - Антрацит";;;https://static.tildacdn.com/stor6230-3064-4034-b737-633564663266/45231571.jpg;3900.00;;;"Коллекция:Листопад® гранит;Цвет:Антрацит";;ymCdv8ik09sASDNPA5GZ;447533789272;0;0;0;0
366447236912;;;;Оригами;"Оригами (Б.4.Фсм.8) Стандарт Коричневый";"Комплект из 6 видов плит. Высота - 80 мм.";"<p style=""text-align: left;"">Модульные тротуарные плиты ""Оригами"" Б.4.Фсм.8</p><br /><p style=""text-align: left;"">Тротуарная плитка “Оригами” — оригинальная, ультрасовременная модульная форма, которая включает 6 плит разной конфигурации, при укладке комбинируемых между собой. Относится к группе эксплуатации Б, используется преимущественно для пешеходного мощения.</p><p style=""text-align: left;"">Комплект из 6 видов плит: 559*361*280*408 мм, 591*79*558*152*280 мм, 280*420*243*280 мм, 206*550*349*420 мм, 72*560*457*496 мм, 457*560*280*496 мм. Высота - 80 мм.</p><br />Мы гарантируем точность соблюдения технологии производства и как следствие, высокое качество продукции.<br /><br />На паллете – 8,15 м2<br /><br /><strong>Стоимость указана за 1 кв.м. без учета доставки от завода производителя</strong>";https://static.tildacdn.com/stor3630-3833-4839-a663-383333383665/84596523.jpg;;;;;;tT9DRRlondeMG1PvsiK0;;0;0;0;0
691934883672;;;;;"Оригами (Б.4.Фсм.8) Стандарт Коричневый - Стандарт - Коричневый";;;https://static.tildacdn.com/stor3630-3833-4839-a663-383333383665/84596523.jpg;2100.00;;;"Коллекция:Стандарт;Цвет:Коричневый";;Illx1VBYlmxkjsZLFsEh;366447236912;0;0;0;0
786518112402;;;;Оригами;"Оригами (Б.4.Фсм.8) Стандарт Красный";"Комплект из 6 видов плит. Высота - 80 мм.";"<p style=""text-align: left;"">Модульные тротуарные плиты ""Оригами"" Б.4.Фсм.8</p><br /><p style=""text-align: left;"">Тротуарная плитка “Оригами” — оригинальная, ультрасовременная модульная форма, которая включает 6 плит разной конфигурации, при укладке комбинируемых между собой. Относится к группе эксплуатации Б, используется преимущественно для пешеходного мощения.</p><p style=""text-align: left;"">Комплект из 6 видов плит: 559*361*280*408 мм, 591*79*558*152*280 мм, 280*420*243*280 мм, 206*550*349*420 мм, 72*560*457*496 мм, 457*560*280*496 мм. Высота - 80 мм.</p><br />Мы гарантируем точность соблюдения технологии производства и как следствие, высокое качество продукции.<br /><br />На паллете – 8,15 м2<br /><br /><strong>Стоимость указана за 1 кв.м. без учета доставки от завода производителя</strong>";https://static.tildacdn.com/stor3662-3637-4532-b463-306465366363/87933474.jpg;;;;;;1hMy8knh8SiKbEPbE1O5;;0;0;0;0
695853673572;;;;;"Оригами (Б.4.Фсм.8) Стандарт Красный - Стандарт - Красный";;;https://static.tildacdn.com/stor3662-3637-4532-b463-306465366363/87933474.jpg;2100.00;;;"Коллекция:Стандарт;Цвет:Красный";;oJtMiPpdaf4Ua3FXpgkr;786518112402;0;0;0;0
